Time,Value,MEASURE,Description
2013,15.5,ERP_6,Persons - 0-14 years (%)
2014,15.7,ERP_6,Persons - 0-14 years (%)
2015,15.8,ERP_6,Persons - 0-14 years (%)
2016,15.8,ERP_6,Persons - 0-14 years (%)
2017,15.8,ERP_6,Persons - 0-14 years (%)
2013,10.5,ERP_7,Persons - 15-24 years (%)
2014,10.4,ERP_7,Persons - 15-24 years (%)
2015,10.4,ERP_7,Persons - 15-24 years (%)
2016,10.3,ERP_7,Persons - 15-24 years (%)
2017,9.9,ERP_7,Persons - 15-24 years (%)
2013,22.8,ERP_8,Persons - 25-34 years (%)
2014,22.7,ERP_8,Persons - 25-34 years (%)
2015,22.7,ERP_8,Persons - 25-34 years (%)
2016,23,ERP_8,Persons - 25-34 years (%)
2017,23.1,ERP_8,Persons - 25-34 years (%)
2013,18.2,ERP_9,Persons - 35-44 years (%)
2014,18,ERP_9,Persons - 35-44 years (%)
2015,17.7,ERP_9,Persons - 35-44 years (%)
2016,17.3,ERP_9,Persons - 35-44 years (%)
2017,17.3,ERP_9,Persons - 35-44 years (%)
2013,11.6,ERP_10,Persons - 45-54 years (%)
2014,11.7,ERP_10,Persons - 45-54 years (%)
2015,11.9,ERP_10,Persons - 45-54 years (%)
2016,12,ERP_10,Persons - 45-54 years (%)
2017,12.1,ERP_10,Persons - 45-54 years (%)
2013,8.6,ERP_11,Persons - 55-64 years (%)
2014,8.8,ERP_11,Persons - 55-64 years (%)
2015,8.8,ERP_11,Persons - 55-64 years (%)
2016,8.8,ERP_11,Persons - 55-64 years (%)
2017,8.9,ERP_11,Persons - 55-64 years (%)
2013,6.2,ERP_12,Persons - 65-74 years (%)
2014,6.3,ERP_12,Persons - 65-74 years (%)
2015,6.3,ERP_12,Persons - 65-74 years (%)
2016,6.4,ERP_12,Persons - 65-74 years (%)
2017,6.7,ERP_12,Persons - 65-74 years (%)
2013,3.8,ERP_13,Persons - 75-84 years (%)
2014,3.8,ERP_13,Persons - 75-84 years (%)
2015,3.7,ERP_13,Persons - 75-84 years (%)
2016,3.5,ERP_13,Persons - 75-84 years (%)
2017,3.5,ERP_13,Persons - 75-84 years (%)
2013,2.8,ERP_14,Persons - 85 years and over (%)
2014,2.7,ERP_14,Persons - 85 years and over (%)
2015,2.8,ERP_14,Persons - 85 years and over (%)
2016,2.9,ERP_14,Persons - 85 years and over (%)
2017,2.6,ERP_14,Persons - 85 years and over (%)
2013,651,ERP_M_2,Males - 0-4 years (no.)
2014,648,ERP_M_2,Males - 0-4 years (no.)
2015,626,ERP_M_2,Males - 0-4 years (no.)
2016,611,ERP_M_2,Males - 0-4 years (no.)
2017,583,ERP_M_2,Males - 0-4 years (no.)
2013,429,ERP_M_3,Males - 5-9 years (no.)
2014,455,ERP_M_3,Males - 5-9 years (no.)
2015,461,ERP_M_3,Males - 5-9 years (no.)
2016,467,ERP_M_3,Males - 5-9 years (no.)
2017,464,ERP_M_3,Males - 5-9 years (no.)
2013,327,ERP_M_4,Males - 10-14 years (no.)
2014,314,ERP_M_4,Males - 10-14 years (no.)
2015,334,ERP_M_4,Males - 10-14 years (no.)
2016,337,ERP_M_4,Males - 10-14 years (no.)
2017,358,ERP_M_4,Males - 10-14 years (no.)
2013,318,ERP_M_5,Males - 15-19 years (no.)
2014,319,ERP_M_5,Males - 15-19 years (no.)
2015,329,ERP_M_5,Males - 15-19 years (no.)
2016,330,ERP_M_5,Males - 15-19 years (no.)
2017,322,ERP_M_5,Males - 15-19 years (no.)
2013,537,ERP_M_6,Males - 20-24 years (no.)
2014,545,ERP_M_6,Males - 20-24 years (no.)
2015,562,ERP_M_6,Males - 20-24 years (no.)
2016,564,ERP_M_6,Males - 20-24 years (no.)
2017,558,ERP_M_6,Males - 20-24 years (no.)
2013,864,ERP_M_7,Males - 25-29 years (no.)
2014,870,ERP_M_7,Males - 25-29 years (no.)
2015,877,ERP_M_7,Males - 25-29 years (no.)
2016,898,ERP_M_7,Males - 25-29 years (no.)
2017,905,ERP_M_7,Males - 25-29 years (no.)
2013,997,ERP_M_8,Males - 30-34 years (no.)
2014,992,ERP_M_8,Males - 30-34 years (no.)
2015,989,ERP_M_8,Males - 30-34 years (no.)
2016,1003,ERP_M_8,Males - 30-34 years (no.)
2017,989,ERP_M_8,Males - 30-34 years (no.)
2013,849,ERP_M_9,Males - 35-39 years (no.)
2014,839,ERP_M_9,Males - 35-39 years (no.)
2015,841,ERP_M_9,Males - 35-39 years (no.)
2016,840,ERP_M_9,Males - 35-39 years (no.)
2017,878,ERP_M_9,Males - 35-39 years (no.)
2013,707,ERP_M_10,Males - 40-44 years (no.)
2014,713,ERP_M_10,Males - 40-44 years (no.)
2015,686,ERP_M_10,Males - 40-44 years (no.)
2016,669,ERP_M_10,Males - 40-44 years (no.)
2017,654,ERP_M_10,Males - 40-44 years (no.)
2013,519,ERP_M_11,Males - 45-49 years (no.)
2014,524,ERP_M_11,Males - 45-49 years (no.)
2015,564,ERP_M_11,Males - 45-49 years (no.)
2016,572,ERP_M_11,Males - 45-49 years (no.)
2017,589,ERP_M_11,Males - 45-49 years (no.)
2013,478,ERP_M_12,Males - 50-54 years (no.)
2014,481,ERP_M_12,Males - 50-54 years (no.)
2015,468,ERP_M_12,Males - 50-54 years (no.)
2016,474,ERP_M_12,Males - 50-54 years (no.)
2017,467,ERP_M_12,Males - 50-54 years (no.)
2013,386,ERP_M_13,Males - 55-59 years (no.)
2014,396,ERP_M_13,Males - 55-59 years (no.)
2015,398,ERP_M_13,Males - 55-59 years (no.)
2016,391,ERP_M_13,Males - 55-59 years (no.)
2017,393,ERP_M_13,Males - 55-59 years (no.)
2013,346,ERP_M_14,Males - 60-64 years (no.)
2014,356,ERP_M_14,Males - 60-64 years (no.)
2015,368,ERP_M_14,Males - 60-64 years (no.)
2016,375,ERP_M_14,Males - 60-64 years (no.)
2017,376,ERP_M_14,Males - 60-64 years (no.)
2013,287,ERP_M_15,Males - 65-69 years (no.)
2014,300,ERP_M_15,Males - 65-69 years (no.)
2015,305,ERP_M_15,Males - 65-69 years (no.)
2016,309,ERP_M_15,Males - 65-69 years (no.)
2017,321,ERP_M_15,Males - 65-69 years (no.)
2013,203,ERP_M_16,Males - 70-74 years (no.)
2014,216,ERP_M_16,Males - 70-74 years (no.)
2015,222,ERP_M_16,Males - 70-74 years (no.)
2016,235,ERP_M_16,Males - 70-74 years (no.)
2017,258,ERP_M_16,Males - 70-74 years (no.)
2013,173,ERP_M_17,Males - 75-79 years (no.)
2014,158,ERP_M_17,Males - 75-79 years (no.)
2015,162,ERP_M_17,Males - 75-79 years (no.)
2016,155,ERP_M_17,Males - 75-79 years (no.)
2017,160,ERP_M_17,Males - 75-79 years (no.)
2013,113,ERP_M_18,Males - 80-84 years (no.)
2014,122,ERP_M_18,Males - 80-84 years (no.)
2015,120,ERP_M_18,Males - 80-84 years (no.)
2016,119,ERP_M_18,Males - 80-84 years (no.)
2017,122,ERP_M_18,Males - 80-84 years (no.)
2013,151,ERP_M_19,Males - 85 and over (no.)
2014,153,ERP_M_19,Males - 85 and over (no.)
2015,152,ERP_M_19,Males - 85 and over (no.)
2016,166,ERP_M_19,Males - 85 and over (no.)
2017,146,ERP_M_19,Males - 85 and over (no.)
2013,8335,ERP_M_20,Males - Total (no.)
2014,8401,ERP_M_20,Males - Total (no.)
2015,8464,ERP_M_20,Males - Total (no.)
2016,8515,ERP_M_20,Males - Total (no.)
2017,8543,ERP_M_20,Males - Total (no.)
2013,592,ERP_F_2,Females - 0-4 years (no.)
2014,601,ERP_F_2,Females - 0-4 years (no.)
2015,597,ERP_F_2,Females - 0-4 years (no.)
2016,607,ERP_F_2,Females - 0-4 years (no.)
2017,597,ERP_F_2,Females - 0-4 years (no.)
2013,413,ERP_F_3,Females - 5-9 years (no.)
2014,443,ERP_F_3,Females - 5-9 years (no.)
2015,454,ERP_F_3,Females - 5-9 years (no.)
2016,474,ERP_F_3,Females - 5-9 years (no.)
2017,469,ERP_F_3,Females - 5-9 years (no.)
2013,301,ERP_F_4,Females - 10-14 years (no.)
2014,305,ERP_F_4,Females - 10-14 years (no.)
2015,331,ERP_F_4,Females - 10-14 years (no.)
2016,332,ERP_F_4,Females - 10-14 years (no.)
2017,379,ERP_F_4,Females - 10-14 years (no.)
2013,322,ERP_F_5,Females - 15-19 years (no.)
2014,317,ERP_F_5,Females - 15-19 years (no.)
2015,312,ERP_F_5,Females - 15-19 years (no.)
2016,311,ERP_F_5,Females - 15-19 years (no.)
2017,305,ERP_F_5,Females - 15-19 years (no.)
2013,664,ERP_F_6,Females - 20-24 years (no.)
2014,658,ERP_F_6,Females - 20-24 years (no.)
2015,640,ERP_F_6,Females - 20-24 years (no.)
2016,632,ERP_F_6,Females - 20-24 years (no.)
2017,603,ERP_F_6,Females - 20-24 years (no.)
2013,1040,ERP_F_7,Females - 25-29 years (no.)
2014,1050,ERP_F_7,Females - 25-29 years (no.)
2015,1066,ERP_F_7,Females - 25-29 years (no.)
2016,1048,ERP_F_7,Females - 25-29 years (no.)
2017,1073,ERP_F_7,Females - 25-29 years (no.)
2013,1102,ERP_F_8,Females - 30-34 years (no.)
2014,1090,ERP_F_8,Females - 30-34 years (no.)
2015,1099,ERP_F_8,Females - 30-34 years (no.)
2016,1150,ERP_F_8,Females - 30-34 years (no.)
2017,1193,ERP_F_8,Females - 30-34 years (no.)
2013,881,ERP_F_9,Females - 35-39 years (no.)
2014,880,ERP_F_9,Females - 35-39 years (no.)
2015,876,ERP_F_9,Females - 35-39 years (no.)
2016,889,ERP_F_9,Females - 35-39 years (no.)
2017,923,ERP_F_9,Females - 35-39 years (no.)
2013,754,ERP_F_10,Females - 40-44 years (no.)
2014,745,ERP_F_10,Females - 40-44 years (no.)
2015,737,ERP_F_10,Females - 40-44 years (no.)
2016,696,ERP_F_10,Females - 40-44 years (no.)
2017,668,ERP_F_10,Females - 40-44 years (no.)
2013,545,ERP_F_11,Females - 45-49 years (no.)
2014,574,ERP_F_11,Females - 45-49 years (no.)
2015,584,ERP_F_11,Females - 45-49 years (no.)
2016,602,ERP_F_11,Females - 45-49 years (no.)
2017,627,ERP_F_11,Females - 45-49 years (no.)
2013,496,ERP_F_12,Females - 50-54 years (no.)
2014,488,ERP_F_12,Females - 50-54 years (no.)
2015,498,ERP_F_12,Females - 50-54 years (no.)
2016,486,ERP_F_12,Females - 50-54 years (no.)
2017,491,ERP_F_12,Females - 50-54 years (no.)
2013,408,ERP_F_13,Females - 55-59 years (no.)
2014,435,ERP_F_13,Females - 55-59 years (no.)
2015,444,ERP_F_13,Females - 55-59 years (no.)
2016,458,ERP_F_13,Females - 55-59 years (no.)
2017,462,ERP_F_13,Females - 55-59 years (no.)
2013,373,ERP_F_14,Females - 60-64 years (no.)
2014,365,ERP_F_14,Females - 60-64 years (no.)
2015,355,ERP_F_14,Females - 60-64 years (no.)
2016,343,ERP_F_14,Females - 60-64 years (no.)
2017,377,ERP_F_14,Females - 60-64 years (no.)
2013,341,ERP_F_15,Females - 65-69 years (no.)
2014,349,ERP_F_15,Females - 65-69 years (no.)
2015,349,ERP_F_15,Females - 65-69 years (no.)
2016,351,ERP_F_15,Females - 65-69 years (no.)
2017,346,ERP_F_15,Females - 65-69 years (no.)
2013,252,ERP_F_16,Females - 70-74 years (no.)
2014,239,ERP_F_16,Females - 70-74 years (no.)
2015,240,ERP_F_16,Females - 70-74 years (no.)
2016,247,ERP_F_16,Females - 70-74 years (no.)
2017,275,ERP_F_16,Females - 70-74 years (no.)
2013,194,ERP_F_17,Females - 75-79 years (no.)
2014,203,ERP_F_17,Females - 75-79 years (no.)
2015,205,ERP_F_17,Females - 75-79 years (no.)
2016,200,ERP_F_17,Females - 75-79 years (no.)
2017,202,ERP_F_17,Females - 75-79 years (no.)
2013,178,ERP_F_18,Females - 80-84 years (no.)
2014,184,ERP_F_18,Females - 80-84 years (no.)
2015,163,ERP_F_18,Females - 80-84 years (no.)
2016,151,ERP_F_18,Females - 80-84 years (no.)
2017,155,ERP_F_18,Females - 80-84 years (no.)
2013,339,ERP_F_19,Females - 85 and over (no.)
2014,325,ERP_F_19,Females - 85 and over (no.)
2015,343,ERP_F_19,Females - 85 and over (no.)
2016,357,ERP_F_19,Females - 85 and over (no.)
2017,330,ERP_F_19,Females - 85 and over (no.)
2013,9195,ERP_F_20,Females - Total (no.)
2014,9251,ERP_F_20,Females - Total (no.)
2015,9293,ERP_F_20,Females - Total (no.)
2016,9334,ERP_F_20,Females - Total (no.)
2017,9475,ERP_F_20,Females - Total (no.)
2013,1243,ERP_P_2,Persons - 0-4 years (no.)
2014,1249,ERP_P_2,Persons - 0-4 years (no.)
2015,1223,ERP_P_2,Persons - 0-4 years (no.)
2016,1218,ERP_P_2,Persons - 0-4 years (no.)
2017,1180,ERP_P_2,Persons - 0-4 years (no.)
2013,842,ERP_P_3,Persons - 5-9 years (no.)
2014,898,ERP_P_3,Persons - 5-9 years (no.)
2015,915,ERP_P_3,Persons - 5-9 years (no.)
2016,941,ERP_P_3,Persons - 5-9 years (no.)
2017,933,ERP_P_3,Persons - 5-9 years (no.)
2013,628,ERP_P_4,Persons - 10-14 years (no.)
2014,619,ERP_P_4,Persons - 10-14 years (no.)
2015,665,ERP_P_4,Persons - 10-14 years (no.)
2016,669,ERP_P_4,Persons - 10-14 years (no.)
2017,737,ERP_P_4,Persons - 10-14 years (no.)
2013,640,ERP_P_5,Persons - 15-19 years (no.)
2014,636,ERP_P_5,Persons - 15-19 years (no.)
2015,641,ERP_P_5,Persons - 15-19 years (no.)
2016,641,ERP_P_5,Persons - 15-19 years (no.)
2017,627,ERP_P_5,Persons - 15-19 years (no.)
2013,1201,ERP_P_6,Persons - 20-24 years (no.)
2014,1203,ERP_P_6,Persons - 20-24 years (no.)
2015,1202,ERP_P_6,Persons - 20-24 years (no.)
2016,1196,ERP_P_6,Persons - 20-24 years (no.)
2017,1161,ERP_P_6,Persons - 20-24 years (no.)
2013,1904,ERP_P_7,Persons - 25-29 years (no.)
2014,1920,ERP_P_7,Persons - 25-29 years (no.)
2015,1943,ERP_P_7,Persons - 25-29 years (no.)
2016,1946,ERP_P_7,Persons - 25-29 years (no.)
2017,1978,ERP_P_7,Persons - 25-29 years (no.)
2013,2099,ERP_P_8,Persons - 30-34 years (no.)
2014,2082,ERP_P_8,Persons - 30-34 years (no.)
2015,2088,ERP_P_8,Persons - 30-34 years (no.)
2016,2153,ERP_P_8,Persons - 30-34 years (no.)
2017,2182,ERP_P_8,Persons - 30-34 years (no.)
2013,1730,ERP_P_9,Persons - 35-39 years (no.)
2014,1719,ERP_P_9,Persons - 35-39 years (no.)
2015,1717,ERP_P_9,Persons - 35-39 years (no.)
2016,1729,ERP_P_9,Persons - 35-39 years (no.)
2017,1801,ERP_P_9,Persons - 35-39 years (no.)
2013,1461,ERP_P_10,Persons - 40-44 years (no.)
2014,1458,ERP_P_10,Persons - 40-44 years (no.)
2015,1423,ERP_P_10,Persons - 40-44 years (no.)
2016,1365,ERP_P_10,Persons - 40-44 years (no.)
2017,1322,ERP_P_10,Persons - 40-44 years (no.)
2013,1064,ERP_P_11,Persons - 45-49 years (no.)
2014,1098,ERP_P_11,Persons - 45-49 years (no.)
2015,1148,ERP_P_11,Persons - 45-49 years (no.)
2016,1174,ERP_P_11,Persons - 45-49 years (no.)
2017,1216,ERP_P_11,Persons - 45-49 years (no.)
2013,974,ERP_P_12,Persons - 50-54 years (no.)
2014,969,ERP_P_12,Persons - 50-54 years (no.)
2015,966,ERP_P_12,Persons - 50-54 years (no.)
2016,960,ERP_P_12,Persons - 50-54 years (no.)
2017,958,ERP_P_12,Persons - 50-54 years (no.)
2013,794,ERP_P_13,Persons - 55-59 years (no.)
2014,831,ERP_P_13,Persons - 55-59 years (no.)
2015,842,ERP_P_13,Persons - 55-59 years (no.)
2016,849,ERP_P_13,Persons - 55-59 years (no.)
2017,855,ERP_P_13,Persons - 55-59 years (no.)
2013,719,ERP_P_14,Persons - 60-64 years (no.)
2014,721,ERP_P_14,Persons - 60-64 years (no.)
2015,723,ERP_P_14,Persons - 60-64 years (no.)
2016,718,ERP_P_14,Persons - 60-64 years (no.)
2017,753,ERP_P_14,Persons - 60-64 years (no.)
2013,628,ERP_P_15,Persons - 65-69 years (no.)
2014,649,ERP_P_15,Persons - 65-69 years (no.)
2015,654,ERP_P_15,Persons - 65-69 years (no.)
2016,660,ERP_P_15,Persons - 65-69 years (no.)
2017,667,ERP_P_15,Persons - 65-69 years (no.)
2013,455,ERP_P_16,Persons - 70-74 years (no.)
2014,455,ERP_P_16,Persons - 70-74 years (no.)
2015,462,ERP_P_16,Persons - 70-74 years (no.)
2016,482,ERP_P_16,Persons - 70-74 years (no.)
2017,533,ERP_P_16,Persons - 70-74 years (no.)
2013,367,ERP_P_17,Persons - 75-79 years (no.)
2014,361,ERP_P_17,Persons - 75-79 years (no.)
2015,367,ERP_P_17,Persons - 75-79 years (no.)
2016,355,ERP_P_17,Persons - 75-79 years (no.)
2017,362,ERP_P_17,Persons - 75-79 years (no.)
2013,291,ERP_P_18,Persons - 80-84 years (no.)
2014,306,ERP_P_18,Persons - 80-84 years (no.)
2015,283,ERP_P_18,Persons - 80-84 years (no.)
2016,270,ERP_P_18,Persons - 80-84 years (no.)
2017,277,ERP_P_18,Persons - 80-84 years (no.)
2013,490,ERP_P_19,Persons - 85 and over (no.)
2014,478,ERP_P_19,Persons - 85 and over (no.)
2015,495,ERP_P_19,Persons - 85 and over (no.)
2016,523,ERP_P_19,Persons - 85 and over (no.)
2017,476,ERP_P_19,Persons - 85 and over (no.)
2013,17530,ERP_P_20,Persons - Total (no.)
2014,17652,ERP_P_20,Persons - Total (no.)
2015,17757,ERP_P_20,Persons - Total (no.)
2016,17849,ERP_P_20,Persons - Total (no.)
2017,18038,ERP_P_20,Persons - Total (no.)
2018,18045,ERP_P_20,Persons - Total (no.)
2013,71.8,ERP_18,Working Age Population (aged 15-64 years)
2014,71.6,ERP_18,Working Age Population (aged 15-64 years)
2015,71.5,ERP_18,Working Age Population (aged 15-64 years)
2016,71.3,ERP_18,Working Age Population (aged 15-64 years)
2017,71.3,ERP_18,Working Age Population (aged 15-64 years)
2013,35.3,ERP_19,Median Age - Males (years)
2014,35.3,ERP_19,Median Age - Males (years)
2015,35.3,ERP_19,Median Age - Males (years)
2016,35.2,ERP_19,Median Age - Males (years)
2017,35.5,ERP_19,Median Age - Males (years)
2013,35.8,ERP_22,Median Age - Females (years)
2014,35.8,ERP_22,Median Age - Females (years)
2015,35.7,ERP_22,Median Age - Females (years)
2016,35.6,ERP_22,Median Age - Females (years)
2017,35.6,ERP_22,Median Age - Females (years)
2013,35.6,ERP_23,Median Age - Persons (years)
2014,35.6,ERP_23,Median Age - Persons (years)
2015,35.5,ERP_23,Median Age - Persons (years)
2016,35.4,ERP_23,Median Age - Persons (years)
2017,35.6,ERP_23,Median Age - Persons (years)
2012,8980.7,ERP_21,Population density (ERP at 30 June) (persons/km2)
2013,9056.6,ERP_21,Population density (ERP at 30 June) (persons/km2)
2014,9119.7,ERP_21,Population density (ERP at 30 June) (persons/km2)
2015,9173.9,ERP_21,Population density (ERP at 30 June) (persons/km2)
2016,9221.4,ERP_21,Population density (ERP at 30 June) (persons/km2)
2017,9319.1,ERP_21,Population density (ERP at 30 June) (persons/km2)
2018,9322.7,ERP_21,Population density (ERP at 30 June) (persons/km2)
2011,0.5,CENSUS_2,Aboriginal and Torres Strait Islander Peoples - Proportion of total population (%)
2016,0.6,CENSUS_2,Aboriginal and Torres Strait Islander Peoples - Proportion of total population (%)
2011,3.2,CENSUS_4,Born in Oceania and Antarctica (excluding Australia) (%)
2016,2.9,CENSUS_4,Born in Oceania and Antarctica (excluding Australia) (%)
2011,11.8,CENSUS_5,Born in North-West Europe (%)
2016,13.5,CENSUS_5,Born in North-West Europe (%)
2011,6.4,CENSUS_6,Born in Southern and Eastern Europe (%)
2016,5.6,CENSUS_6,Born in Southern and Eastern Europe (%)
2011,1.5,CENSUS_7,Born in North Africa and the Middle East (%)
2016,1.3,CENSUS_7,Born in North Africa and the Middle East (%)
2011,3.7,CENSUS_8,Born in South-East Asia (%)
2016,3.6,CENSUS_8,Born in South-East Asia (%)
2011,3.7,CENSUS_9,Born in North-East Asia (%)
2016,3.9,CENSUS_9,Born in North-East Asia (%)
2011,1.4,CENSUS_10,Born in Southern and Central Asia (%)
2016,1.6,CENSUS_10,Born in Southern and Central Asia (%)
2011,2.8,CENSUS_11,Born in Americas (%)
2016,3.7,CENSUS_11,Born in Americas (%)
2011,2.3,CENSUS_12,Born in Sub-Saharan Africa (%)
2016,2.1,CENSUS_12,Born in Sub-Saharan Africa (%)
2011,36.8,CENSUS_13,Total born overseas (%)
2016,38.1,CENSUS_13,Total born overseas (%)
2016,1.6,CENSUS_15,Buddhism (%)
2016,45.6,CENSUS_16,Christianity (%)
2016,0.9,CENSUS_17,Hinduism (%)
2016,0.9,CENSUS_18,Islam (%)
2016,5.7,CENSUS_19,Judaism (%)
2016,0.4,CENSUS_20,Other Religions (%)
2016,34.9,CENSUS_21,Secular Beliefs
2016,10,CENSUS_22,Religious Affiliation - Inadequately described or not stated (%)
2011,77.1,CENSUS_29,Australian citizen (%)
2016,75.7,CENSUS_29,Australian citizen (%)
2011,15.5,CENSUS_30,Not an Australian citizen (%)
2016,17.4,CENSUS_30,Not an Australian citizen (%)
2011,7.3,CENSUS_31,Australian Citizenship - Not stated (%)
2016,6.9,CENSUS_31,Australian Citizenship - Not stated (%)
2011,22,CENSUS_33,Speaks a Language Other Than English at Home - Proportion of total population (%)
2016,22.6,CENSUS_33,Speaks a Language Other Than English at Home - Proportion of total population (%)
2014,1030,CABEE_2,Number of non-employing businesses (no.)
2015,1042,CABEE_2,Number of non-employing businesses (no.)
2016,1017,CABEE_2,Number of non-employing businesses (no.)
2017,1099,CABEE_2,Number of non-employing businesses (no.)
2018,1145,CABEE_2,Number of non-employing businesses (no.)
2014,382,CABEE_3,Number of employing businesses: 1-4 employees (no.)
2015,404,CABEE_3,Number of employing businesses: 1-4 employees (no.)
2016,429,CABEE_3,Number of employing businesses: 1-4 employees (no.)
2017,441,CABEE_3,Number of employing businesses: 1-4 employees (no.)
2018,447,CABEE_3,Number of employing businesses: 1-4 employees (no.)
2014,67,CABEE_4,Number of employing businesses: 5-19 employees (no.)
2015,59,CABEE_4,Number of employing businesses: 5-19 employees (no.)
2016,63,CABEE_4,Number of employing businesses: 5-19 employees (no.)
2017,81,CABEE_4,Number of employing businesses: 5-19 employees (no.)
2018,78,CABEE_4,Number of employing businesses: 5-19 employees (no.)
2014,19,CABEE_38,Number of employing businesses: 20 or more employees (no.)
2015,22,CABEE_38,Number of employing businesses: 20 or more employees (no.)
2016,23,CABEE_38,Number of employing businesses: 20 or more employees (no.)
2017,21,CABEE_38,Number of employing businesses: 20 or more employees (no.)
2018,23,CABEE_38,Number of employing businesses: 20 or more employees (no.)
2014,1491,CABEE_5,Total number of businesses (no.)
2015,1533,CABEE_5,Total number of businesses (no.)
2016,1536,CABEE_5,Total number of businesses (no.)
2017,1635,CABEE_5,Total number of businesses (no.)
2018,1693,CABEE_5,Total number of businesses (no.)
2015,162,CABEE_7,Number of non employing business entries (no.)
2016,182,CABEE_7,Number of non employing business entries (no.)
2017,209,CABEE_7,Number of non employing business entries (no.)
2018,228,CABEE_7,Number of non employing business entries (no.)
2015,58,CABEE_8,Number of employing business entries: 1-4 employees (no.)
2016,71,CABEE_8,Number of employing business entries: 1-4 employees (no.)
2017,82,CABEE_8,Number of employing business entries: 1-4 employees (no.)
2018,83,CABEE_8,Number of employing business entries: 1-4 employees (no.)
2015,5,CABEE_9,Number of employing business entries: 5-19 employees (no.)
2016,5,CABEE_9,Number of employing business entries: 5-19 employees (no.)
2017,5,CABEE_9,Number of employing business entries: 5-19 employees (no.)
2018,3,CABEE_9,Number of employing business entries: 5-19 employees (no.)
2015,227,CABEE_10,Total number of business entries (no.)
2016,259,CABEE_10,Total number of business entries (no.)
2017,293,CABEE_10,Total number of business entries (no.)
2018,316,CABEE_10,Total number of business entries (no.)
2015,149,CABEE_12,Number of non employing business exits (no.)
2016,181,CABEE_12,Number of non employing business exits (no.)
2017,158,CABEE_12,Number of non employing business exits (no.)
2018,165,CABEE_12,Number of non employing business exits (no.)
2015,29,CABEE_13,Number of employing business exits: 1-4 employees (no.)
2016,32,CABEE_13,Number of employing business exits: 1-4 employees (no.)
2017,24,CABEE_13,Number of employing business exits: 1-4 employees (no.)
2018,40,CABEE_13,Number of employing business exits: 1-4 employees (no.)
2016,4,CABEE_14,Number of employing business exits: 5-19 employees (no.)
2018,7,CABEE_14,Number of employing business exits: 5-19 employees (no.)
2017,3,CABEE_40,Number of employing business exits: 20 or more employees (no.)
2018,3,CABEE_40,Number of employing business exits: 20 or more employees (no.)
2015,180,CABEE_15,Total number of business exits (no.)
2016,219,CABEE_15,Total number of business exits (no.)
2017,190,CABEE_15,Total number of business exits (no.)
2018,220,CABEE_15,Total number of business exits (no.)
2014,13,CABEE_19,"Agriculture, forestry and fishing (no.)"
2015,13,CABEE_19,"Agriculture, forestry and fishing (no.)"
2016,13,CABEE_19,"Agriculture, forestry and fishing (no.)"
2017,12,CABEE_19,"Agriculture, forestry and fishing (no.)"
2018,12,CABEE_19,"Agriculture, forestry and fishing (no.)"
2014,24,CABEE_27,Manufacturing (no.)
2015,27,CABEE_27,Manufacturing (no.)
2016,34,CABEE_27,Manufacturing (no.)
2017,37,CABEE_27,Manufacturing (no.)
2018,33,CABEE_27,Manufacturing (no.)
2014,5,CABEE_23,Electricity
2015,3,CABEE_23,Electricity
2016,3,CABEE_23,Electricity
2017,3,CABEE_23,Electricity
2018,3,CABEE_23,Electricity
2014,205,CABEE_21,Construction (no.)
2015,222,CABEE_21,Construction (no.)
2016,233,CABEE_21,Construction (no.)
2017,263,CABEE_21,Construction (no.)
2018,268,CABEE_21,Construction (no.)
2014,48,CABEE_37,Wholesale trade (no.)
2015,46,CABEE_37,Wholesale trade (no.)
2016,30,CABEE_37,Wholesale trade (no.)
2017,36,CABEE_37,Wholesale trade (no.)
2018,32,CABEE_37,Wholesale trade (no.)
2014,65,CABEE_34,Retail trade (no.)
2015,71,CABEE_34,Retail trade (no.)
2016,65,CABEE_34,Retail trade (no.)
2017,63,CABEE_34,Retail trade (no.)
2018,66,CABEE_34,Retail trade (no.)
2014,41,CABEE_17,Accommodation and food services (no.)
2015,48,CABEE_17,Accommodation and food services (no.)
2016,45,CABEE_17,Accommodation and food services (no.)
2017,50,CABEE_17,Accommodation and food services (no.)
2018,49,CABEE_17,Accommodation and food services (no.)
2014,67,CABEE_36,"Transport, postal and warehousing (no.)"
2015,70,CABEE_36,"Transport, postal and warehousing (no.)"
2016,71,CABEE_36,"Transport, postal and warehousing (no.)"
2017,82,CABEE_36,"Transport, postal and warehousing (no.)"
2018,106,CABEE_36,"Transport, postal and warehousing (no.)"
2014,53,CABEE_26,Information media and telecommunications (no.)
2015,50,CABEE_26,Information media and telecommunications (no.)
2016,51,CABEE_26,Information media and telecommunications (no.)
2017,53,CABEE_26,Information media and telecommunications (no.)
2018,46,CABEE_26,Information media and telecommunications (no.)
2014,102,CABEE_24,Financial and insurance services (no.)
2015,107,CABEE_24,Financial and insurance services (no.)
2016,121,CABEE_24,Financial and insurance services (no.)
2017,125,CABEE_24,Financial and insurance services (no.)
2018,126,CABEE_24,Financial and insurance services (no.)
2014,210,CABEE_33,"Rental, hiring and real estate services (no.)"
2015,206,CABEE_33,"Rental, hiring and real estate services (no.)"
2016,216,CABEE_33,"Rental, hiring and real estate services (no.)"
2017,239,CABEE_33,"Rental, hiring and real estate services (no.)"
2018,267,CABEE_33,"Rental, hiring and real estate services (no.)"
2014,299,CABEE_31,Professional Scientific & Technical Services (no.)
2015,306,CABEE_31,Professional Scientific & Technical Services (no.)
2016,308,CABEE_31,Professional Scientific & Technical Services (no.)
2017,330,CABEE_31,Professional Scientific & Technical Services (no.)
2018,325,CABEE_31,Professional Scientific & Technical Services (no.)
2014,67,CABEE_18,Administrative and support services (no.)
2015,66,CABEE_18,Administrative and support services (no.)
2016,64,CABEE_18,Administrative and support services (no.)
2017,70,CABEE_18,Administrative and support services (no.)
2018,63,CABEE_18,Administrative and support services (no.)
2014,3,CABEE_32,Public administration and safety (no.)
2015,4,CABEE_32,Public administration and safety (no.)
2016,3,CABEE_32,Public administration and safety (no.)
2017,3,CABEE_32,Public administration and safety (no.)
2018,3,CABEE_32,Public administration and safety (no.)
2014,32,CABEE_22,Education and training (no.)
2015,31,CABEE_22,Education and training (no.)
2016,26,CABEE_22,Education and training (no.)
2017,29,CABEE_22,Education and training (no.)
2018,37,CABEE_22,Education and training (no.)
2014,139,CABEE_25,Health care and social assistance (no.)
2015,149,CABEE_25,Health care and social assistance (no.)
2016,140,CABEE_25,Health care and social assistance (no.)
2017,146,CABEE_25,Health care and social assistance (no.)
2018,144,CABEE_25,Health care and social assistance (no.)
2014,35,CABEE_20,Arts and recreation services (no.)
2015,35,CABEE_20,Arts and recreation services (no.)
2016,32,CABEE_20,Arts and recreation services (no.)
2017,38,CABEE_20,Arts and recreation services (no.)
2018,44,CABEE_20,Arts and recreation services (no.)
2014,59,CABEE_30,Other services (no.)
2015,52,CABEE_30,Other services (no.)
2016,46,CABEE_30,Other services (no.)
2017,48,CABEE_30,Other services (no.)
2018,56,CABEE_30,Other services (no.)
2014,19,CABEE_29,Currently unknown (no.)
2015,21,CABEE_29,Currently unknown (no.)
2016,24,CABEE_29,Currently unknown (no.)
2017,19,CABEE_29,Currently unknown (no.)
2018,17,CABEE_29,Currently unknown (no.)
2014,1491,CABEE_35,Number of Businesses by Industry - Total (no.)
2015,1533,CABEE_35,Number of Businesses by Industry - Total (no.)
2016,1536,CABEE_35,Number of Businesses by Industry - Total (no.)
2017,1635,CABEE_35,Number of Businesses by Industry - Total (no.)
2018,1693,CABEE_35,Number of Businesses by Industry - Total (no.)
2013,5,BUILDING_2,Private sector houses (no.)
2014,2,BUILDING_2,Private sector houses (no.)
2015,3,BUILDING_2,Private sector houses (no.)
2016,3,BUILDING_2,Private sector houses (no.)
2017,10,BUILDING_2,Private sector houses (no.)
2018,4,BUILDING_2,Private sector houses (no.)
2013,22,BUILDING_3,Private sector dwellings excluding houses (no.)
2014,9,BUILDING_3,Private sector dwellings excluding houses (no.)
2015,29,BUILDING_3,Private sector dwellings excluding houses (no.)
2016,25,BUILDING_3,Private sector dwellings excluding houses (no.)
2017,1,BUILDING_3,Private sector dwellings excluding houses (no.)
2018,13,BUILDING_3,Private sector dwellings excluding houses (no.)
2013,27,BUILDING_12,Total private sector dwelling units (no.)
2014,11,BUILDING_12,Total private sector dwelling units (no.)
2015,32,BUILDING_12,Total private sector dwelling units (no.)
2016,28,BUILDING_12,Total private sector dwelling units (no.)
2017,11,BUILDING_12,Total private sector dwelling units (no.)
2018,17,BUILDING_12,Total private sector dwelling units (no.)
2013,27,BUILDING_4,Total dwelling units (no.)
2014,11,BUILDING_4,Total dwelling units (no.)
2015,32,BUILDING_4,Total dwelling units (no.)
2016,28,BUILDING_4,Total dwelling units (no.)
2017,11,BUILDING_4,Total dwelling units (no.)
2018,17,BUILDING_4,Total dwelling units (no.)
2013,13,BUILDING_5,Value of private sector houses ($m)
2014,8,BUILDING_5,Value of private sector houses ($m)
2015,9,BUILDING_5,Value of private sector houses ($m)
2016,12,BUILDING_5,Value of private sector houses ($m)
2017,15,BUILDING_5,Value of private sector houses ($m)
2018,11,BUILDING_5,Value of private sector houses ($m)
2013,7,BUILDING_6,Value of private sector dwellings excluding houses ($m)
2014,2,BUILDING_6,Value of private sector dwellings excluding houses ($m)
2015,7,BUILDING_6,Value of private sector dwellings excluding houses ($m)
2016,7,BUILDING_6,Value of private sector dwellings excluding houses ($m)
2017,0,BUILDING_6,Value of private sector dwellings excluding houses ($m)
2018,6,BUILDING_6,Value of private sector dwellings excluding houses ($m)
2013,20,BUILDING_7,Total value of private sector dwelling units ($m)
2014,10,BUILDING_7,Total value of private sector dwelling units ($m)
2015,16,BUILDING_7,Total value of private sector dwelling units ($m)
2016,19,BUILDING_7,Total value of private sector dwelling units ($m)
2017,15,BUILDING_7,Total value of private sector dwelling units ($m)
2018,17,BUILDING_7,Total value of private sector dwelling units ($m)
2013,21,BUILDING_8,Value of residential building ($m)
2014,11,BUILDING_8,Value of residential building ($m)
2015,21,BUILDING_8,Value of residential building ($m)
2016,22,BUILDING_8,Value of residential building ($m)
2017,19,BUILDING_8,Value of residential building ($m)
2018,23,BUILDING_8,Value of residential building ($m)
2013,3,BUILDING_9,Value of non-residential building ($m)
2014,65,BUILDING_9,Value of non-residential building ($m)
2015,10,BUILDING_9,Value of non-residential building ($m)
2016,3,BUILDING_9,Value of non-residential building ($m)
2017,90,BUILDING_9,Value of non-residential building ($m)
2018,19,BUILDING_9,Value of non-residential building ($m)
2013,24,BUILDING_10,Value of total building ($m)
2014,77,BUILDING_10,Value of total building ($m)
2015,31,BUILDING_10,Value of total building ($m)
2016,26,BUILDING_10,Value of total building ($m)
2017,109,BUILDING_10,Value of total building ($m)
2018,42,BUILDING_10,Value of total building ($m)
2013,7251,MVC_14,Passenger vehicles (no.)
2014,7413,MVC_14,Passenger vehicles (no.)
2015,7536,MVC_14,Passenger vehicles (no.)
2016,7656,MVC_14,Passenger vehicles (no.)
2017,7640,MVC_14,Passenger vehicles (no.)
2018,7591,MVC_14,Passenger vehicles (no.)
2013,6,MVC_15,Campervans (no.)
2014,6,MVC_15,Campervans (no.)
2015,7,MVC_15,Campervans (no.)
2016,10,MVC_15,Campervans (no.)
2017,9,MVC_15,Campervans (no.)
2018,5,MVC_15,Campervans (no.)
2013,593,MVC_16,Light commercial vehicles (no.)
2014,613,MVC_16,Light commercial vehicles (no.)
2015,631,MVC_16,Light commercial vehicles (no.)
2016,626,MVC_16,Light commercial vehicles (no.)
2017,642,MVC_16,Light commercial vehicles (no.)
2018,670,MVC_16,Light commercial vehicles (no.)
2013,24,MVC_17,Light rigid trucks (no.)
2014,30,MVC_17,Light rigid trucks (no.)
2015,35,MVC_17,Light rigid trucks (no.)
2016,40,MVC_17,Light rigid trucks (no.)
2017,39,MVC_17,Light rigid trucks (no.)
2018,41,MVC_17,Light rigid trucks (no.)
2013,47,MVC_18,Heavy rigid trucks (no.)
2014,53,MVC_18,Heavy rigid trucks (no.)
2015,53,MVC_18,Heavy rigid trucks (no.)
2016,53,MVC_18,Heavy rigid trucks (no.)
2017,29,MVC_18,Heavy rigid trucks (no.)
2018,29,MVC_18,Heavy rigid trucks (no.)
2014,1,MVC_19,Articulated trucks (no.)
2015,1,MVC_19,Articulated trucks (no.)
2016,1,MVC_19,Articulated trucks (no.)
2017,2,MVC_19,Articulated trucks (no.)
2018,1,MVC_19,Articulated trucks (no.)
2018,0,MVC_20,Non-freight carrying trucks (no.)
2013,11,MVC_21,Buses (no.)
2014,13,MVC_21,Buses (no.)
2015,21,MVC_21,Buses (no.)
2016,18,MVC_21,Buses (no.)
2017,16,MVC_21,Buses (no.)
2018,18,MVC_21,Buses (no.)
2013,491,MVC_22,Motorcycles (no.)
2014,534,MVC_22,Motorcycles (no.)
2015,578,MVC_22,Motorcycles (no.)
2016,597,MVC_22,Motorcycles (no.)
2017,634,MVC_22,Motorcycles (no.)
2018,655,MVC_22,Motorcycles (no.)
2013,8428,MVC_38,Total Registered Motor Vehicles (no.)
2014,8662,MVC_38,Total Registered Motor Vehicles (no.)
2015,8854,MVC_38,Total Registered Motor Vehicles (no.)
2016,8999,MVC_38,Total Registered Motor Vehicles (no.)
2017,9005,MVC_38,Total Registered Motor Vehicles (no.)
2018,8772,MVC_38,Total Registered Motor Vehicles (no.)
2013,7612,MVC_29,Petrol (no.)
2014,7718,MVC_29,Petrol (no.)
2015,7810,MVC_29,Petrol (no.)
2016,7847,MVC_29,Petrol (no.)
2017,7804,MVC_29,Petrol (no.)
2018,7700,MVC_29,Petrol (no.)
2013,669,MVC_30,Diesel (no.)
2014,793,MVC_30,Diesel (no.)
2015,911,MVC_30,Diesel (no.)
2016,1012,MVC_30,Diesel (no.)
2017,1062,MVC_30,Diesel (no.)
2018,1164,MVC_30,Diesel (no.)
2013,104,MVC_31,LPG/Dual/Other (no.)
2014,104,MVC_31,LPG/Dual/Other (no.)
2015,90,MVC_31,LPG/Dual/Other (no.)
2016,71,MVC_31,LPG/Dual/Other (no.)
2017,64,MVC_31,LPG/Dual/Other (no.)
2018,52,MVC_31,LPG/Dual/Other (no.)
2013,1,MVC_33,Electric (no.)
2015,1,MVC_33,Electric (no.)
2016,4,MVC_33,Electric (no.)
2017,6,MVC_33,Electric (no.)
2018,10,MVC_33,Electric (no.)
2013,2454,MVC_35,Less than 5 years (no.)
2014,2540,MVC_35,Less than 5 years (no.)
2015,2612,MVC_35,Less than 5 years (no.)
2016,2715,MVC_35,Less than 5 years (no.)
2017,2662,MVC_35,Less than 5 years (no.)
2018,2626,MVC_35,Less than 5 years (no.)
2013,2813,MVC_36,5 to 10 years (no.)
2014,2878,MVC_36,5 to 10 years (no.)
2015,2893,MVC_36,5 to 10 years (no.)
2016,2908,MVC_36,5 to 10 years (no.)
2017,2930,MVC_36,5 to 10 years (no.)
2018,2818,MVC_36,5 to 10 years (no.)
2013,3161,MVC_37,Over 10 years (no.)
2014,3244,MVC_37,Over 10 years (no.)
2015,3349,MVC_37,Over 10 years (no.)
2016,3376,MVC_37,Over 10 years (no.)
2017,3413,MVC_37,Over 10 years (no.)
2018,3328,MVC_37,Over 10 years (no.)
2012,2,TOURIST_2,Establishments with 15 or more rooms (no.)
2013,2,TOURIST_2,Establishments with 15 or more rooms (no.)
2014,2,TOURIST_2,Establishments with 15 or more rooms (no.)
2015,5,TOURIST_2,Establishments with 15 or more rooms (no.)
2016,5,TOURIST_2,Establishments with 15 or more rooms (no.)
2011,0.2,EMP_IND_2,"Agriculture, forestry and fishing (no.)"
2016,0.2,EMP_IND_2,"Agriculture, forestry and fishing (no.)"
2011,0.1,EMP_IND_3,Mining (%)
2016,0.1,EMP_IND_3,Mining (%)
2011,3.8,EMP_IND_4,Manufacturing  (%)
2016,2.4,EMP_IND_4,Manufacturing  (%)
2011,0.6,EMP_IND_5,"Electricity, gas water and waste services (no.)"
2016,0.5,EMP_IND_5,"Electricity, gas water and waste services (no.)"
2011,6.1,EMP_IND_6,Construction (%)
2016,7.6,EMP_IND_6,Construction (%)
2011,3.5,EMP_IND_7,Wholesale trade (%)
2016,2.3,EMP_IND_7,Wholesale trade (%)
2011,6.5,EMP_IND_8,Retail trade (%)
2016,6.1,EMP_IND_8,Retail trade (%)
2011,5.4,EMP_IND_9,Accommodation and food services (%)
2016,5.9,EMP_IND_9,Accommodation and food services (%)
2011,4,EMP_IND_10,"Transport, postal and warehousing (no.)"
2016,3.5,EMP_IND_10,"Transport, postal and warehousing (no.)"
2011,4.7,EMP_IND_11,Information media and telecommunications (%)
2016,4.4,EMP_IND_11,Information media and telecommunications (%)
2011,8.7,EMP_IND_12,Financial and insurance services (%)
2016,8.5,EMP_IND_12,Financial and insurance services (%)
2011,2.3,EMP_IND_13,"Rental, hiring and real estate services (no.)"
2016,2.4,EMP_IND_13,"Rental, hiring and real estate services (no.)"
2011,13.7,EMP_IND_14,Professional Scientific & Technical Services (%)
2016,13.9,EMP_IND_14,Professional Scientific & Technical Services (%)
2011,3.5,EMP_IND_15,Administrative and support services (%)
2016,3.5,EMP_IND_15,Administrative and support services (%)
2011,5.4,EMP_IND_16,Public administration and safety (%)
2016,5.5,EMP_IND_16,Public administration and safety (%)
2011,10.8,EMP_IND_17,Education and training (%)
2016,10.8,EMP_IND_17,Education and training (%)
2011,13.1,EMP_IND_18,Health care and social assistance (%)
2016,13.6,EMP_IND_18,Health care and social assistance (%)
2011,2.5,EMP_IND_19,Arts and recreation services (%)
2016,2.7,EMP_IND_19,Arts and recreation services (%)
2011,2.9,EMP_IND_20,Other services (%)
2016,3,EMP_IND_20,Other services (%)
2011,9075,EMP_IND_21,Total persons employed (no.)
2016,9611,EMP_IND_21,Total persons employed (no.)
2011,9058,INCOME_4,Employee income earners (no.)
2012,9397,INCOME_4,Employee income earners (no.)
2013,9915,INCOME_4,Employee income earners (no.)
2014,10148,INCOME_4,Employee income earners (no.)
2015,10750,INCOME_4,Employee income earners (no.)
2016,10791,INCOME_4,Employee income earners (no.)
2011,35,INCOME_20,Employee income earners - median age (years)
2012,35,INCOME_20,Employee income earners - median age (years)
2013,35,INCOME_20,Employee income earners - median age (years)
2014,35,INCOME_20,Employee income earners - median age (years)
2015,35,INCOME_20,Employee income earners - median age (years)
2016,36,INCOME_20,Employee income earners - median age (years)
2011,621326420,INCOME_3,Total employee income ($)
2012,673186848,INCOME_3,Total employee income ($)
2013,744782852,INCOME_3,Total employee income ($)
2014,775356326,INCOME_3,Total employee income ($)
2015,847249909,INCOME_3,Total employee income ($)
2016,901565287,INCOME_3,Total employee income ($)
2011,55154,INCOME_2,Median employee income ($)
2012,57525,INCOME_2,Median employee income ($)
2013,59338,INCOME_2,Median employee income ($)
2014,60358,INCOME_2,Median employee income ($)
2015,62747,INCOME_2,Median employee income ($)
2016,65478,INCOME_2,Median employee income ($)
2011,68594,INCOME_21,Mean employee income ($)
2012,71638,INCOME_21,Mean employee income ($)
2013,75117,INCOME_21,Mean employee income ($)
2014,76405,INCOME_21,Mean employee income ($)
2015,78814,INCOME_21,Mean employee income ($)
2016,83548,INCOME_21,Mean employee income ($)
2011,77.8,INCOME_22,Employee income as main source of income (%)
2012,78.3,INCOME_22,Employee income as main source of income (%)
2013,79.1,INCOME_22,Employee income as main source of income (%)
2014,79.3,INCOME_22,Employee income as main source of income (%)
2015,78.3,INCOME_22,Employee income as main source of income (%)
2016,78.6,INCOME_22,Employee income as main source of income (%)
2011,1577,INCOME_7,Own unincorporated business income earners (no.)
2012,1611,INCOME_7,Own unincorporated business income earners (no.)
2013,1680,INCOME_7,Own unincorporated business income earners (no.)
2014,1695,INCOME_7,Own unincorporated business income earners (no.)
2015,1754,INCOME_7,Own unincorporated business income earners (no.)
2016,1801,INCOME_7,Own unincorporated business income earners (no.)
2011,43,INCOME_23,Own unincorporated business income earners - median age (years)
2012,43,INCOME_23,Own unincorporated business income earners - median age (years)
2013,43,INCOME_23,Own unincorporated business income earners - median age (years)
2014,43,INCOME_23,Own unincorporated business income earners - median age (years)
2015,43,INCOME_23,Own unincorporated business income earners - median age (years)
2016,42,INCOME_23,Own unincorporated business income earners - median age (years)
2011,72975093,INCOME_6,Total own unincorporated business income ($)
2012,74559762,INCOME_6,Total own unincorporated business income ($)
2013,82240639,INCOME_6,Total own unincorporated business income ($)
2014,84338959,INCOME_6,Total own unincorporated business income ($)
2015,99983394,INCOME_6,Total own unincorporated business income ($)
2016,101642720,INCOME_6,Total own unincorporated business income ($)
2011,15300,INCOME_5,Median own unincorporated business income ($)
2012,15450,INCOME_5,Median own unincorporated business income ($)
2013,14746,INCOME_5,Median own unincorporated business income ($)
2014,16189,INCOME_5,Median own unincorporated business income ($)
2015,16310,INCOME_5,Median own unincorporated business income ($)
2016,16418,INCOME_5,Median own unincorporated business income ($)
2011,46275,INCOME_24,Mean own unincorporated business income ($)
2012,46282,INCOME_24,Mean own unincorporated business income ($)
2013,48953,INCOME_24,Mean own unincorporated business income ($)
2014,49757,INCOME_24,Mean own unincorporated business income ($)
2015,57003,INCOME_24,Mean own unincorporated business income ($)
2016,56437,INCOME_24,Mean own unincorporated business income ($)
2011,8.4,INCOME_25,Own unincorporated business income as main source of income (%)
2012,8.2,INCOME_25,Own unincorporated business income as main source of income (%)
2013,7.9,INCOME_25,Own unincorporated business income as main source of income (%)
2014,7.6,INCOME_25,Own unincorporated business income as main source of income (%)
2015,8,INCOME_25,Own unincorporated business income as main source of income (%)
2016,8.1,INCOME_25,Own unincorporated business income as main source of income (%)
2011,7701,INCOME_10,Investment income earners (no.)
2012,7948,INCOME_10,Investment income earners (no.)
2013,8236,INCOME_10,Investment income earners (no.)
2014,8259,INCOME_10,Investment income earners (no.)
2015,8871,INCOME_10,Investment income earners (no.)
2016,8974,INCOME_10,Investment income earners (no.)
2011,39,INCOME_26,Investment income earners - median age (years)
2012,40,INCOME_26,Investment income earners - median age (years)
2013,40,INCOME_26,Investment income earners - median age (years)
2014,40,INCOME_26,Investment income earners - median age (years)
2015,39,INCOME_26,Investment income earners - median age (years)
2016,39,INCOME_26,Investment income earners - median age (years)
2011,108708278,INCOME_9,Total investment income ($)
2012,102483459,INCOME_9,Total investment income ($)
2013,110357313,INCOME_9,Total investment income ($)
2014,127094123,INCOME_9,Total investment income ($)
2015,109578728,INCOME_9,Total investment income ($)
2016,126706163,INCOME_9,Total investment income ($)
2011,728,INCOME_8,Median investment income ($)
2012,717,INCOME_8,Median investment income ($)
2013,645,INCOME_8,Median investment income ($)
2014,620,INCOME_8,Median investment income ($)
2015,541,INCOME_8,Median investment income ($)
2016,481,INCOME_8,Median investment income ($)
2011,14116,INCOME_27,Mean investment income ($)
2012,12894,INCOME_27,Mean investment income ($)
2013,13399,INCOME_27,Mean investment income ($)
2014,15389,INCOME_27,Mean investment income ($)
2015,12352,INCOME_27,Mean investment income ($)
2016,14119,INCOME_27,Mean investment income ($)
2011,12.4,INCOME_28,Investment income as main source of income (%)
2012,12.2,INCOME_28,Investment income as main source of income (%)
2013,11.6,INCOME_28,Investment income as main source of income (%)
2014,11.6,INCOME_28,Investment income as main source of income (%)
2015,12.3,INCOME_28,Investment income as main source of income (%)
2016,11.9,INCOME_28,Investment income as main source of income (%)
2011,217,INCOME_13,Superannuation and annuity income earners (no.)
2012,228,INCOME_13,Superannuation and annuity income earners (no.)
2013,236,INCOME_13,Superannuation and annuity income earners (no.)
2014,248,INCOME_13,Superannuation and annuity income earners (no.)
2015,235,INCOME_13,Superannuation and annuity income earners (no.)
2016,216,INCOME_13,Superannuation and annuity income earners (no.)
2011,59,INCOME_29,Superannuation and annuity income earners - median age (years)
2012,60,INCOME_29,Superannuation and annuity income earners - median age (years)
2013,60,INCOME_29,Superannuation and annuity income earners - median age (years)
2014,59,INCOME_29,Superannuation and annuity income earners - median age (years)
2015,59,INCOME_29,Superannuation and annuity income earners - median age (years)
2016,60,INCOME_29,Superannuation and annuity income earners - median age (years)
2011,4697308,INCOME_12,Total superannuation and annuity income ($)
2012,5911940,INCOME_12,Total superannuation and annuity income ($)
2013,5796686,INCOME_12,Total superannuation and annuity income ($)
2014,5685271,INCOME_12,Total superannuation and annuity income ($)
2015,6546915,INCOME_12,Total superannuation and annuity income ($)
2016,6167881,INCOME_12,Total superannuation and annuity income ($)
2011,15835,INCOME_11,Median superannuation and annuity income ($)
2012,20834,INCOME_11,Median superannuation and annuity income ($)
2013,17829,INCOME_11,Median superannuation and annuity income ($)
2014,17492,INCOME_11,Median superannuation and annuity income ($)
2015,19996,INCOME_11,Median superannuation and annuity income ($)
2016,21138,INCOME_11,Median superannuation and annuity income ($)
2011,21647,INCOME_30,Mean superannuation and annuity income ($)
2012,25930,INCOME_30,Mean superannuation and annuity income ($)
2013,24562,INCOME_30,Mean superannuation and annuity income ($)
2014,22924,INCOME_30,Mean superannuation and annuity income ($)
2015,27859,INCOME_30,Mean superannuation and annuity income ($)
2016,28555,INCOME_30,Mean superannuation and annuity income ($)
2011,0.9,INCOME_31,Superannuation and annuity income as main source of income (%)
2012,0.9,INCOME_31,Superannuation and annuity income as main source of income (%)
2013,0.8,INCOME_31,Superannuation and annuity income as main source of income (%)
2014,0.9,INCOME_31,Superannuation and annuity income as main source of income (%)
2015,0.9,INCOME_31,Superannuation and annuity income as main source of income (%)
2016,0.8,INCOME_31,Superannuation and annuity income as main source of income (%)
2011,10200,INCOME_19,Total income earners (excl. Government pensions and allowances) (no.)
2012,10471,INCOME_19,Total income earners (excl. Government pensions and allowances) (no.)
2013,10841,INCOME_19,Total income earners (excl. Government pensions and allowances) (no.)
2014,10979,INCOME_19,Total income earners (excl. Government pensions and allowances) (no.)
2015,11339,INCOME_19,Total income earners (excl. Government pensions and allowances) (no.)
2016,11395,INCOME_19,Total income earners (excl. Government pensions and allowances) (no.)
2011,38,INCOME_35,Total income earners (excl. Government pensions and allowances) - median age (years)
2012,38,INCOME_35,Total income earners (excl. Government pensions and allowances) - median age (years)
2013,38,INCOME_35,Total income earners (excl. Government pensions and allowances) - median age (years)
2014,37,INCOME_35,Total income earners (excl. Government pensions and allowances) - median age (years)
2015,38,INCOME_35,Total income earners (excl. Government pensions and allowances) - median age (years)
2016,38,INCOME_35,Total income earners (excl. Government pensions and allowances) - median age (years)
2011,785961448,INCOME_18,Total income (excl. Government pensions and allowances) ($)
2012,844196920,INCOME_18,Total income (excl. Government pensions and allowances) ($)
2013,915441003,INCOME_18,Total income (excl. Government pensions and allowances) ($)
2014,960149365,INCOME_18,Total income (excl. Government pensions and allowances) ($)
2015,998703932,INCOME_18,Total income (excl. Government pensions and allowances) ($)
2016,1063205537,INCOME_18,Total income (excl. Government pensions and allowances) ($)
2011,55124,INCOME_17,Median total income (excl. Government pensions and allowances) ($)
2012,57438,INCOME_17,Median total income (excl. Government pensions and allowances) ($)
2013,59831,INCOME_17,Median total income (excl. Government pensions and allowances) ($)
2014,61175,INCOME_17,Median total income (excl. Government pensions and allowances) ($)
2015,63216,INCOME_17,Median total income (excl. Government pensions and allowances) ($)
2016,66065,INCOME_17,Median total income (excl. Government pensions and allowances) ($)
2011,77055,INCOME_36,Mean total income (excl. Government pensions and allowances) ($)
2012,80622,INCOME_36,Mean total income (excl. Government pensions and allowances) ($)
2013,84442,INCOME_36,Mean total income (excl. Government pensions and allowances) ($)
2014,87453,INCOME_36,Mean total income (excl. Government pensions and allowances) ($)
2015,88077,INCOME_36,Mean total income (excl. Government pensions and allowances) ($)
2016,93305,INCOME_36,Mean total income (excl. Government pensions and allowances) ($)
2011,4.76,INCOME_37,Total income (excl. Government pensions and allowances) - P80/P20 ratio
2012,4.61,INCOME_37,Total income (excl. Government pensions and allowances) - P80/P20 ratio
2013,4.56,INCOME_37,Total income (excl. Government pensions and allowances) - P80/P20 ratio
2014,4.53,INCOME_37,Total income (excl. Government pensions and allowances) - P80/P20 ratio
2015,4.55,INCOME_37,Total income (excl. Government pensions and allowances) - P80/P20 ratio
2016,4.56,INCOME_37,Total income (excl. Government pensions and allowances) - P80/P20 ratio
2011,1.81,INCOME_38,Total income (excl. Government pensions and allowances) - P80/P50 ratio
2012,1.8,INCOME_38,Total income (excl. Government pensions and allowances) - P80/P50 ratio
2013,1.8,INCOME_38,Total income (excl. Government pensions and allowances) - P80/P50 ratio
2014,1.79,INCOME_38,Total income (excl. Government pensions and allowances) - P80/P50 ratio
2015,1.79,INCOME_38,Total income (excl. Government pensions and allowances) - P80/P50 ratio
2016,1.82,INCOME_38,Total income (excl. Government pensions and allowances) - P80/P50 ratio
2011,0.38,INCOME_39,Total income (excl. Government pensions and allowances) - P20/P50 ratio
2012,0.39,INCOME_39,Total income (excl. Government pensions and allowances) - P20/P50 ratio
2013,0.39,INCOME_39,Total income (excl. Government pensions and allowances) - P20/P50 ratio
2014,0.39,INCOME_39,Total income (excl. Government pensions and allowances) - P20/P50 ratio
2015,0.39,INCOME_39,Total income (excl. Government pensions and allowances) - P20/P50 ratio
2016,0.4,INCOME_39,Total income (excl. Government pensions and allowances) - P20/P50 ratio
2011,0.19,INCOME_40,Total income (excl. Government pensions and allowances) - P10/P50 ratio
2012,0.21,INCOME_40,Total income (excl. Government pensions and allowances) - P10/P50 ratio
2013,0.21,INCOME_40,Total income (excl. Government pensions and allowances) - P10/P50 ratio
2014,0.21,INCOME_40,Total income (excl. Government pensions and allowances) - P10/P50 ratio
2015,0.2,INCOME_40,Total income (excl. Government pensions and allowances) - P10/P50 ratio
2016,0.21,INCOME_40,Total income (excl. Government pensions and allowances) - P10/P50 ratio
2011,0.514,INCOME_41,Total income (excl. Government pensions and allowances) - Gini coefficient
2012,0.507,INCOME_41,Total income (excl. Government pensions and allowances) - Gini coefficient
2013,0.508,INCOME_41,Total income (excl. Government pensions and allowances) - Gini coefficient
2014,0.512,INCOME_41,Total income (excl. Government pensions and allowances) - Gini coefficient
2015,0.505,INCOME_41,Total income (excl. Government pensions and allowances) - Gini coefficient
2016,0.508,INCOME_41,Total income (excl. Government pensions and allowances) - Gini coefficient
2011,13.7,INCOME_42,Total income (excl. Government pensions and allowances) - Income share of top 1% of earners
2012,13.4,INCOME_42,Total income (excl. Government pensions and allowances) - Income share of top 1% of earners
2013,13.7,INCOME_42,Total income (excl. Government pensions and allowances) - Income share of top 1% of earners
2014,14.6,INCOME_42,Total income (excl. Government pensions and allowances) - Income share of top 1% of earners
2015,12.9,INCOME_42,Total income (excl. Government pensions and allowances) - Income share of top 1% of earners
2016,13.7,INCOME_42,Total income (excl. Government pensions and allowances) - Income share of top 1% of earners
2011,28.4,INCOME_43,Total income (excl. Government pensions and allowances) - Income share of top 5% of earners
2012,27.9,INCOME_43,Total income (excl. Government pensions and allowances) - Income share of top 5% of earners
2013,28.5,INCOME_43,Total income (excl. Government pensions and allowances) - Income share of top 5% of earners
2014,29.2,INCOME_43,Total income (excl. Government pensions and allowances) - Income share of top 5% of earners
2015,27.8,INCOME_43,Total income (excl. Government pensions and allowances) - Income share of top 5% of earners
2016,28.2,INCOME_43,Total income (excl. Government pensions and allowances) - Income share of top 5% of earners
2011,38.9,INCOME_44,Total income (excl. Government pensions and allowances) - Income share of top 10% of earners
2012,38.5,INCOME_44,Total income (excl. Government pensions and allowances) - Income share of top 10% of earners
2013,38.9,INCOME_44,Total income (excl. Government pensions and allowances) - Income share of top 10% of earners
2014,39.5,INCOME_44,Total income (excl. Government pensions and allowances) - Income share of top 10% of earners
2015,38.4,INCOME_44,Total income (excl. Government pensions and allowances) - Income share of top 10% of earners
2016,38.7,INCOME_44,Total income (excl. Government pensions and allowances) - Income share of top 10% of earners
2011,18.3,INCOME_45,Total income (excl. Government pensions and allowances) - Lowest Quartile (%)
2012,18.1,INCOME_45,Total income (excl. Government pensions and allowances) - Lowest Quartile (%)
2013,18.3,INCOME_45,Total income (excl. Government pensions and allowances) - Lowest Quartile (%)
2014,18.2,INCOME_45,Total income (excl. Government pensions and allowances) - Lowest Quartile (%)
2015,18.2,INCOME_45,Total income (excl. Government pensions and allowances) - Lowest Quartile (%)
2016,17.4,INCOME_45,Total income (excl. Government pensions and allowances) - Lowest Quartile (%)
2011,19.3,INCOME_46,Total income (excl. Government pensions and allowances) - Second Quartile (%)
2012,19.8,INCOME_46,Total income (excl. Government pensions and allowances) - Second Quartile (%)
2013,19.4,INCOME_46,Total income (excl. Government pensions and allowances) - Second Quartile (%)
2014,18.9,INCOME_46,Total income (excl. Government pensions and allowances) - Second Quartile (%)
2015,18.1,INCOME_46,Total income (excl. Government pensions and allowances) - Second Quartile (%)
2016,18.3,INCOME_46,Total income (excl. Government pensions and allowances) - Second Quartile (%)
2011,23,INCOME_47,Total income (excl. Government pensions and allowances) - Third Quartile (%)
2012,23.1,INCOME_47,Total income (excl. Government pensions and allowances) - Third Quartile (%)
2013,23.9,INCOME_47,Total income (excl. Government pensions and allowances) - Third Quartile (%)
2014,24.6,INCOME_47,Total income (excl. Government pensions and allowances) - Third Quartile (%)
2015,24.6,INCOME_47,Total income (excl. Government pensions and allowances) - Third Quartile (%)
2016,24.3,INCOME_47,Total income (excl. Government pensions and allowances) - Third Quartile (%)
2011,39.4,INCOME_48,Total income (excl. Government pensions and allowances) - Highest Quartile (%)
2012,38.9,INCOME_48,Total income (excl. Government pensions and allowances) - Highest Quartile (%)
2013,38.4,INCOME_48,Total income (excl. Government pensions and allowances) - Highest Quartile (%)
2014,38.3,INCOME_48,Total income (excl. Government pensions and allowances) - Highest Quartile (%)
2015,39.1,INCOME_48,Total income (excl. Government pensions and allowances) - Highest Quartile (%)
2016,40,INCOME_48,Total income (excl. Government pensions and allowances) - Highest Quartile (%)
2011,698,CAPGAINS_1,Gross Capital Gains reported by taxpayers - Persons (no.)
2012,662,CAPGAINS_1,Gross Capital Gains reported by taxpayers - Persons (no.)
2013,778,CAPGAINS_1,Gross Capital Gains reported by taxpayers - Persons (no.)
2014,926,CAPGAINS_1,Gross Capital Gains reported by taxpayers - Persons (no.)
2015,1040,CAPGAINS_1,Gross Capital Gains reported by taxpayers - Persons (no.)
2016,993,CAPGAINS_1,Gross Capital Gains reported by taxpayers - Persons (no.)
2011,29.7,CAPGAINS_2,Gross Capital Gains reported by taxpayers - Amount ($m)
2012,25.1,CAPGAINS_2,Gross Capital Gains reported by taxpayers - Amount ($m)
2013,23.3,CAPGAINS_2,Gross Capital Gains reported by taxpayers - Amount ($m)
2014,44.3,CAPGAINS_2,Gross Capital Gains reported by taxpayers - Amount ($m)
2015,60.2,CAPGAINS_2,Gross Capital Gains reported by taxpayers - Amount ($m)
2016,68.6,CAPGAINS_2,Gross Capital Gains reported by taxpayers - Amount ($m)
2011,3690,CAPGAINS_3,Gross Capital Gains reported by taxpayers  - Median ($)
2012,2461,CAPGAINS_3,Gross Capital Gains reported by taxpayers  - Median ($)
2013,2048,CAPGAINS_3,Gross Capital Gains reported by taxpayers  - Median ($)
2014,3169,CAPGAINS_3,Gross Capital Gains reported by taxpayers  - Median ($)
2015,4006,CAPGAINS_3,Gross Capital Gains reported by taxpayers  - Median ($)
2016,3431,CAPGAINS_3,Gross Capital Gains reported by taxpayers  - Median ($)
2011,42575,CAPGAINS_4,Gross Capital Gains reported by taxpayers - Mean ($)
2012,37990,CAPGAINS_4,Gross Capital Gains reported by taxpayers - Mean ($)
2013,30007,CAPGAINS_4,Gross Capital Gains reported by taxpayers - Mean ($)
2014,47796,CAPGAINS_4,Gross Capital Gains reported by taxpayers - Mean ($)
2015,57927,CAPGAINS_4,Gross Capital Gains reported by taxpayers - Mean ($)
2016,69059,CAPGAINS_4,Gross Capital Gains reported by taxpayers - Mean ($)
2015,1110,PENSION_2,Age Pension - Centrelink (no.)
2016,1084,PENSION_2,Age Pension - Centrelink (no.)
2017,1002,PENSION_2,Age Pension - Centrelink (no.)
2018,964,PENSION_2,Age Pension - Centrelink (no.)
2015,47,PENSION_6,Carer Payment (no.)
2016,52,PENSION_6,Carer Payment (no.)
2017,48,PENSION_6,Carer Payment (no.)
2018,42,PENSION_6,Carer Payment (no.)
2015,214,PENSION_7,Disability Support Pension (no.)
2016,203,PENSION_7,Disability Support Pension (no.)
2017,202,PENSION_7,Disability Support Pension (no.)
2018,189,PENSION_7,Disability Support Pension (no.)
2015,203,PENSION_8,Newstart Allowance (no.)
2016,148,PENSION_8,Newstart Allowance (no.)
2017,128,PENSION_8,Newstart Allowance (no.)
2018,114,PENSION_8,Newstart Allowance (no.)
2015,41,PENSION_10,Parenting Payment - Single (no.)
2016,44,PENSION_10,Parenting Payment - Single (no.)
2017,41,PENSION_10,Parenting Payment - Single (no.)
2018,35,PENSION_10,Parenting Payment - Single (no.)
2015,225,PENSION_11,Youth Allowance (Full time students/apprentices) (no.)
2016,186,PENSION_11,Youth Allowance (Full time students/apprentices) (no.)
2017,136,PENSION_11,Youth Allowance (Full time students/apprentices) (no.)
2018,115,PENSION_11,Youth Allowance (Full time students/apprentices) (no.)
2016,9,PENSION_12,Youth Allowance (Other) (no.)
2017,6,PENSION_12,Youth Allowance (Other) (no.)
2018,7,PENSION_12,Youth Allowance (Other) (no.)
2013,493,PENSION_13,Family Tax Benefit A (no.)
2014,463,PENSION_13,Family Tax Benefit A (no.)
2015,427,PENSION_13,Family Tax Benefit A (no.)
2016,407,PENSION_13,Family Tax Benefit A (no.)
2017,356,PENSION_13,Family Tax Benefit A (no.)
2018,332,PENSION_13,Family Tax Benefit A (no.)
2013,444,PENSION_14,Family Tax Benefit B (no.)
2014,415,PENSION_14,Family Tax Benefit B (no.)
2015,401,PENSION_14,Family Tax Benefit B (no.)
2016,353,PENSION_14,Family Tax Benefit B (no.)
2017,298,PENSION_14,Family Tax Benefit B (no.)
2018,284,PENSION_14,Family Tax Benefit B (no.)
2016,15.6,PERSINC_2,Persons earning $1-$499 per week (%)
2016,17.1,PERSINC_3,Persons earning $500-$999 per week (%)
2016,32,PERSINC_4,Persons earning $1000-$1999 per week (%)
2016,10.4,PERSINC_5,Persons earning $2000-$2999 per week (%)
2016,8.6,PERSINC_6,Persons earning $3000 or more per week (%)
2016,6.8,PERSINC_7,Persons earning nil income (%)
2016,0.3,PERSINC_8,Persons with a negative income (%)
2011,1231,EQUIV_2,Median equivalised total household income (weekly)  ($)
2016,1488,EQUIV_2,Median equivalised total household income (weekly)  ($)
2016,198,PRESCH_2,4 year olds enrolled in preschool or in a preschool program (no.)
2017,154,PRESCH_2,4 year olds enrolled in preschool or in a preschool program (no.)
2016,42,PRESCH_3,5 year olds enrolled in preschool or in a preschool program (no.)
2017,48,PRESCH_3,5 year olds enrolled in preschool or in a preschool program (no.)
2016,44,PRESCH_5,Total enrolled in preschool (no.)
2017,36,PRESCH_5,Total enrolled in preschool (no.)
2016,183,PRESCH_6,Enrolled in preschool program within a long day care centre (no.)
2017,157,PRESCH_6,Enrolled in preschool program within a long day care centre (no.)
2016,12,PRESCH_7,Children enrolled across more than one provider type (no.)
2017,10,PRESCH_7,Children enrolled across more than one provider type (no.)
2016,238,PRESCH_8,Total enrolled in a preschool program (no.)
2017,202,PRESCH_8,Total enrolled in a preschool program (no.)
2016,15,PRESCH_10,Children attending preschool for less than 15 hours (no.)
2017,13,PRESCH_10,Children attending preschool for less than 15 hours (no.)
2016,210,PRESCH_11,Children attending preschool for 15 hours or more (no.)
2017,182,PRESCH_11,Children attending preschool for 15 hours or more (no.)
2011,73,SCHOOL_2,With Post School Qualifications (%)
2016,76.3,SCHOOL_2,With Post School Qualifications (%)
2011,10.6,SCHOOL_3,With Postgraduate Degree (%)
2016,12.5,SCHOOL_3,With Postgraduate Degree (%)
2011,2.7,SCHOOL_4,With Graduate Diploma/Graduate Certificate (%)
2016,3,SCHOOL_4,With Graduate Diploma/Graduate Certificate (%)
2011,27.5,SCHOOL_5,With Bachelor Degree (%)
2016,30,SCHOOL_5,With Bachelor Degree (%)
2011,9.9,SCHOOL_6,With Advanced Diploma/Diploma (%)
2016,9.3,SCHOOL_6,With Advanced Diploma/Diploma (%)
2011,10.7,SCHOOL_7,With Certificate (%)
2016,11.3,SCHOOL_7,With Certificate (%)
2011,11.6,SCHOOL_8,Post School Qualifications - Inadequately described (%)
2016,10.2,SCHOOL_8,Post School Qualifications - Inadequately described (%)
2011,539,HELP_2,Taxpayers with Higher Education Loan Program (HELP) repayment (no.)
2012,540,HELP_2,Taxpayers with Higher Education Loan Program (HELP) repayment (no.)
2013,581,HELP_2,Taxpayers with Higher Education Loan Program (HELP) repayment (no.)
2014,603,HELP_2,Taxpayers with Higher Education Loan Program (HELP) repayment (no.)
2015,608,HELP_2,Taxpayers with Higher Education Loan Program (HELP) repayment (no.)
2016,651,HELP_2,Taxpayers with Higher Education Loan Program (HELP) repayment (no.)
2011,71.4,HIGH_2,Completed Year 12 or equivalent (%)
2016,75.1,HIGH_2,Completed Year 12 or equivalent (%)
2011,4,HIGH_3,Completed Year 11 or equivalent (%)
2016,3.7,HIGH_3,Completed Year 11 or equivalent (%)
2011,10.5,HIGH_4,Completed Year 10 or equivalent (%)
2016,8.6,HIGH_4,Completed Year 10 or equivalent (%)
2011,2.3,HIGH_5,Completed Year 9 or equivalent (%)
2016,2,HIGH_5,Completed Year 9 or equivalent (%)
2011,2.3,HIGH_6,Completed Year 8 or below (%)
2016,2,HIGH_6,Completed Year 8 or below (%)
2011,0.3,HIGH_7,Did not go to school (%)
2016,0.3,HIGH_7,Did not go to school (%)
2011,9.1,HIGH_8,Highest Year of School Completed - Not stated (%)
2016,8.3,HIGH_8,Highest Year of School Completed - Not stated (%)
2011,15.1,EMP_OCC_2,Managers (%)
2016,16.8,EMP_OCC_2,Managers (%)
2011,39.9,EMP_OCC_3,Professionals (%)
2016,38.9,EMP_OCC_3,Professionals (%)
2011,8.7,EMP_OCC_4,Technicians and trades workers (%)
2016,8.9,EMP_OCC_4,Technicians and trades workers (%)
2011,8.5,EMP_OCC_5,Community and personal service workers (%)
2016,8.9,EMP_OCC_5,Community and personal service workers (%)
2011,13.6,EMP_OCC_6,Clerical and administrative workers (%)
2016,12.3,EMP_OCC_6,Clerical and administrative workers (%)
2011,7.1,EMP_OCC_7,Sales workers (%)
2016,6.9,EMP_OCC_7,Sales workers (%)
2011,2.5,EMP_OCC_8,Machinery operators and drivers (%)
2016,2.2,EMP_OCC_8,Machinery operators and drivers (%)
2011,3.3,EMP_OCC_9,Labourers (%)
2016,3.8,EMP_OCC_9,Labourers (%)
2011,1.3,EMP_OCC_10,Occupation of Employed Persons - Inadequately described (%)
2016,1.3,EMP_OCC_10,Occupation of Employed Persons - Inadequately described (%)
2011,1.4,YOUTH_2,Working full-time and studying part-time (%)
2016,0.8,YOUTH_2,Working full-time and studying part-time (%)
2011,0.5,YOUTH_3,Working part time and studying part-time (%)
2016,0.8,YOUTH_3,Working part time and studying part-time (%)
2011,18.2,YOUTH_4,Working part-time and studying full-time (%)
2016,21.5,YOUTH_4,Working part-time and studying full-time (%)
2011,3.6,YOUTH_5,Working full-time (not studying) (%)
2016,3,YOUTH_5,Working full-time (not studying) (%)
2011,61.1,YOUTH_6,Studying full-time (not working) (%)
2016,58.4,YOUTH_6,Studying full-time (not working) (%)
2011,0.5,YOUTH_7,Working full-time and studying full-time (%)
2011,87,YOUTH_8,Fully engaged (%)
2016,86.9,YOUTH_8,Fully engaged (%)
2011,560,YOUTH_9,Total persons aged 15-19 years (no.)
2016,601,YOUTH_9,Total persons aged 15-19 years (no.)
2011,9457,LF_2,Labour Force (no. )
2016,9986,LF_2,Labour Force (no. )
2011,382,LF_3,Unemployed (no. )
2016,375,LF_3,Unemployed (no. )
2011,4,LF_4,Unemployment rate (%)
2016,3.8,LF_4,Unemployment rate (%)
2011,68.8,LF_5,Participation rate (%)
2016,70.3,LF_5,Participation rate (%)
2011,6789,PRIVATE_2,Taxpayers who report having private health insurance (no.)
2012,7057,PRIVATE_2,Taxpayers who report having private health insurance (no.)
2013,7126,PRIVATE_2,Taxpayers who report having private health insurance (no.)
2014,7423,PRIVATE_2,Taxpayers who report having private health insurance (no.)
2015,7794,PRIVATE_2,Taxpayers who report having private health insurance (no.)
2016,7964,PRIVATE_2,Taxpayers who report having private health insurance (no.)
2011,4.2,ACTIV_2,Persons who have need for assistance with core activities (%)
2016,3.8,ACTIV_2,Persons who have need for assistance with core activities (%)
2011,4390,GIFTS2,Gifts/donations reported by taxpayers - Persons (no.)
2012,4316,GIFTS2,Gifts/donations reported by taxpayers - Persons (no.)
2013,4378,GIFTS2,Gifts/donations reported by taxpayers - Persons (no.)
2014,4378,GIFTS2,Gifts/donations reported by taxpayers - Persons (no.)
2015,4530,GIFTS2,Gifts/donations reported by taxpayers - Persons (no.)
2016,4367,GIFTS2,Gifts/donations reported by taxpayers - Persons (no.)
2011,200,GIFTS3,Gifts/donations reported by taxpayers - Median ($)
2012,200,GIFTS3,Gifts/donations reported by taxpayers - Median ($)
2013,200,GIFTS3,Gifts/donations reported by taxpayers - Median ($)
2014,200,GIFTS3,Gifts/donations reported by taxpayers - Median ($)
2015,200,GIFTS3,Gifts/donations reported by taxpayers - Median ($)
2016,205,GIFTS3,Gifts/donations reported by taxpayers - Median ($)
2011,108,WORK_TRAV_3,Used one method - Train or tram (no.)
2016,137,WORK_TRAV_3,Used one method - Train or tram (no.)
2011,2061,WORK_TRAV_4,Used one method - Bus (no.)
2016,2158,WORK_TRAV_4,Used one method - Bus (no.)
2011,3835,WORK_TRAV_5,Used one method - Car (as driver or passenger) (no.)
2016,3867,WORK_TRAV_5,Used one method - Car (as driver or passenger) (no.)
2011,106,WORK_TRAV_6,Used one method - Motor bike/scooter (no.)
2016,154,WORK_TRAV_6,Used one method - Motor bike/scooter (no.)
2011,251,WORK_TRAV_7,Used one method - Bicycle (no.)
2016,319,WORK_TRAV_7,Used one method - Bicycle (no.)
2011,91,WORK_TRAV_8,Used one method - Other (inc. taxis) (no.)
2016,111,WORK_TRAV_8,Used one method - Other (inc. taxis) (no.)
2011,711,WORK_TRAV_9,Used one method - Walked only (no.)
2016,784,WORK_TRAV_9,Used one method - Walked only (no.)
2011,7212,WORK_TRAV_10,Used one method - Total - used one method (no.)
2016,7567,WORK_TRAV_10,Used one method - Total - used one method (no.)
2011,644,WORK_TRAV_12,Total - used more than one method (no. )
2016,823,WORK_TRAV_12,Total - used more than one method (no. )
2011,364,WORK_TRAV_14,Other - Worked from home (no.)
2016,469,WORK_TRAV_14,Other - Worked from home (no.)
2011,771,WORK_TRAV_15,Other - Employed but did not go to work (no.)
2016,695,WORK_TRAV_15,Other - Employed but did not go to work (no.)
2011,84,WORK_TRAV_16,Other - Method of travel not stated (no.)
2016,57,WORK_TRAV_16,Other - Method of travel not stated (no.)
2011,9075,WORK_TRAV_17,Total employed (no.)
2016,9611,WORK_TRAV_17,Total employed (no.)
2011,2060,HHTYPE_2,Lone person households (no.)
2016,1864,HHTYPE_2,Lone person households (no.)
2011,681,HHTYPE_3,Group households (no.)
2016,715,HHTYPE_3,Group households (no.)
2011,3866,HHTYPE_4,Family households (no.)
2016,4136,HHTYPE_4,Family households (no.)
2011,6602,HHTYPE_5,Total households (no.)
2016,6720,HHTYPE_5,Total households (no.)
2011,2.2,HHTYPE_6,Average household size (no. of persons)
2016,2.3,HHTYPE_6,Average household size (no. of persons)
2011,1389,FAMILY_2,Couple families with children under 15 and/or dependent students (no.)
2016,1537,FAMILY_2,Couple families with children under 15 and/or dependent students (no.)
2011,180,FAMILY_3,Couple families with non-dependent children only (no.)
2016,189,FAMILY_3,Couple families with non-dependent children only (no.)
2011,1675,FAMILY_4,Couple families without children (no.)
2016,1773,FAMILY_4,Couple families without children (no.)
2011,334,FAMILY_5,One parent families with children under 15 and/or dependent students (no.)
2016,341,FAMILY_5,One parent families with children under 15 and/or dependent students (no.)
2011,197,FAMILY_6,One parent families with non-dependent children only (no.)
2016,199,FAMILY_6,One parent families with non-dependent children only (no.)
2011,127,FAMILY_7,Other families (no.)
2016,115,FAMILY_7,Other families (no.)
2011,3908,FAMILY_8,Total families (no.)
2016,4161,FAMILY_8,Total families (no.)
2011,2.8,FAMILY_9,Average family size (no. of persons)
2016,2.8,FAMILY_9,Average family size (no. of persons)
2011,4543,MARRIAGE_2,Married in a registered marriage (no.)
2016,4669,MARRIAGE_2,Married in a registered marriage (no.)
2011,1783,MARRIAGE_3,Married in a de facto marriage (no.)
2016,2177,MARRIAGE_3,Married in a de facto marriage (no.)
2011,5559,MARRIAGE_4,Not married (no.)
2016,5601,MARRIAGE_4,Not married (no.)
2011,37.2,MARRIAGE_5,Married (%)
2016,37.5,MARRIAGE_5,Married (%)
2011,47.4,MARRIAGE_6,Never Married (%)
2016,48.1,MARRIAGE_6,Never Married (%)
2011,5,MARRIAGE_7,Widowed (%)
2016,4.4,MARRIAGE_7,Widowed (%)
2011,8.1,MARRIAGE_8,Divorced (%)
2016,7.5,MARRIAGE_8,Divorced (%)
2011,2.3,MARRIAGE_9,Separated (%)
2016,2.5,MARRIAGE_9,Separated (%)
2016,88.8,INTERNET_2,Internet accessed from dwelling (%)
2016,8.5,INTERNET_3,Internet not accessed from dwelling (%)
2011,1973,RENT_2,Average monthly household rental payment ($)
2016,2465,RENT_2,Average monthly household rental payment ($)
2011,2820,RENT_3,Average monthly household mortgage payment ($)
2016,2780,RENT_3,Average monthly household mortgage payment ($)
2011,67.9,CHILDCAR_2,Persons who did not provide child care (%)
2016,67.6,CHILDCAR_2,Persons who did not provide child care (%)
2011,17.9,CHILDCAR_3,Persons who cared for own child/children (%)
2016,19.5,CHILDCAR_3,Persons who cared for own child/children (%)
2011,5.2,CHILDCAR_4,Persons who cared for other child/children (%)
2016,4.7,CHILDCAR_4,Persons who cared for other child/children (%)
2011,0.7,CHILDCAR_5,Persons who cared for own child/children and other child/children (%)
2016,0.7,CHILDCAR_5,Persons who cared for own child/children and other child/children (%)
2011,8.3,CHILDCAR_6,Unpaid Child Care - Not stated (%)
2016,7.5,CHILDCAR_6,Unpaid Child Care - Not stated (%)
2011,8.6,UNPAIDW_2,Persons who provided unpaid assistance to a person with a disability (%)
2016,8.6,UNPAIDW_2,Persons who provided unpaid assistance to a person with a disability (%)
2011,17.1,UNPAIDW_3,Persons undertaking voluntary work for an organisation or group (%)
2016,18.9,UNPAIDW_3,Persons undertaking voluntary work for an organisation or group (%)
2011,1.6,CHILD_2,Average number of all children in a family
2016,1.6,CHILD_2,Average number of all children in a family
2016,346,HOUSE_2,Dwellings with extra bedrooms needed (no.)
2016,3366,HOUSE_3,Dwellings with bedrooms spare (no.)
2016,2574,HOUSE_4,Dwellings with no bedrooms needed or spare (no.)
2011,935,DWELL_2,Separate house (no.)
2016,767,DWELL_2,Separate house (no.)
2011,946,DWELL_3,Semi-detached
2016,1055,DWELL_3,Semi-detached
2011,4709,DWELL_4,Flat or apartment (no.)
2016,4757,DWELL_4,Flat or apartment (no.)
2011,10,DWELL_5,Other dwelling (no.)
2016,99,DWELL_5,Other dwelling (no.)
2011,23.2,TENURE_2,Owned Outright (%)
2016,23.5,TENURE_2,Owned Outright (%)
2011,26.7,TENURE_3,Owned with a mortgage (%)
2016,24,TENURE_3,Owned with a mortgage (%)
2011,47.5,TENURE_4,Rented (%)
2016,49.3,TENURE_4,Rented (%)
2018,193.6,LAND,Land Area (ha)
2014,148,SOLAR_2,Small-scale solar panel system installations (no.)
2015,165,SOLAR_2,Small-scale solar panel system installations (no.)
2016,181,SOLAR_2,Small-scale solar panel system installations (no.)
2017,202,SOLAR_2,Small-scale solar panel system installations (no.)
2015,11.5,SOLAR_3,Increase in installations from previous year (%)
2016,9.7,SOLAR_3,Increase in installations from previous year (%)
2017,11.6,SOLAR_3,Increase in installations from previous year (%)
2014,91,SOLAR_4,Solar water heater installations (no.)
2015,92,SOLAR_4,Solar water heater installations (no.)
2016,95,SOLAR_4,Solar water heater installations (no.)
2017,96,SOLAR_4,Solar water heater installations (no.)
2015,1.1,SOLAR_5,Increase in SWH installations from previous year (%)
2016,3.3,SOLAR_5,Increase in SWH installations from previous year (%)
2017,1.1,SOLAR_5,Increase in SWH installations from previous year (%)
2013,333,BD_2,Births and Deaths - Births (no.)
2014,278,BD_2,Births and Deaths - Births (no.)
2015,299,BD_2,Births and Deaths - Births (no.)
2016,319,BD_2,Births and Deaths - Births (no.)
2017,254,BD_2,Births and Deaths - Births (no.)
2013,1.7,BD_3,Births and Deaths - Total fertility rate (per female) (rate)
2014,1.6,BD_3,Births and Deaths - Total fertility rate (per female) (rate)
2015,1.6,BD_3,Births and Deaths - Total fertility rate (per female) (rate)
2016,1.6,BD_3,Births and Deaths - Total fertility rate (per female) (rate)
2017,1.5,BD_3,Births and Deaths - Total fertility rate (per female) (rate)
2013,158,BD_4,Births and Deaths - Deaths (no.)
2014,171,BD_4,Births and Deaths - Deaths (no.)
2015,150,BD_4,Births and Deaths - Deaths (no.)
2016,138,BD_4,Births and Deaths - Deaths (no.)
2017,137,BD_4,Births and Deaths - Deaths (no.)
2013,6.5,BD_5,Births and Deaths - Standardised death rate (per 1000 population) (rate)
2014,6.6,BD_5,Births and Deaths - Standardised death rate (per 1000 population) (rate)
2015,6.7,BD_5,Births and Deaths - Standardised death rate (per 1000 population) (rate)
2016,6.5,BD_5,Births and Deaths - Standardised death rate (per 1000 population) (rate)
2017,5.9,BD_5,Births and Deaths - Standardised death rate (per 1000 population) (rate)
2017,189,PENSION_16,Carer Allowance (no.)
2018,184,PENSION_16,Carer Allowance (no.)
2017,14,PENSION_17,Parenting Payment - Partnered (no.)
2018,7,PENSION_17,Parenting Payment - Partnered (no.)
2017,539,PENSION_18,Commonwealth Rent Assistance (no.)
2018,499,PENSION_18,Commonwealth Rent Assistance (no.)
2011,90.5,STRESS_2,Households where mortgage repayments are less than 30% of household income (%)
2016,94.8,STRESS_2,Households where mortgage repayments are less than 30% of household income (%)
2011,9.5,STRESS_3,Households with mortgage repayments greater than or equal to 30% of household income (%)
2016,5.2,STRESS_3,Households with mortgage repayments greater than or equal to 30% of household income (%)
2011,82.5,STRESS_4,Households where rent payments are less than 30% of household income (%)
2016,82.7,STRESS_4,Households where rent payments are less than 30% of household income (%)
2011,17.5,STRESS_5,Households with rent payments greater than or equal to 30% of household income (%)
2016,17.3,STRESS_5,Households with rent payments greater than or equal to 30% of household income (%)
2017,1466,MIGRATION_2,Internal Arrivals (no.)
2018,1709,MIGRATION_2,Internal Arrivals (no.)
2017,1852,MIGRATION_3,Internal Departures (no.)
2018,2108,MIGRATION_3,Internal Departures (no.)
2017,-386,MIGRATION_4,Net Internal Migration (no.)
2018,-399,MIGRATION_4,Net Internal Migration (no.)
2017,903,MIGRATION_5,Overseas Arrivals (no.)
2018,813,MIGRATION_5,Overseas Arrivals (no.)
2017,487,MIGRATION_6,Overseas Departures (no.)
2018,548,MIGRATION_6,Overseas Departures (no.)
2017,416,MIGRATION_7,Net Overseas Migration (no.)
2018,265,MIGRATION_7,Net Overseas Migration (no.)
2012,8702,LEED_2,Number of Jobs - Females
2013,9234,LEED_2,Number of Jobs - Females
2014,9001,LEED_2,Number of Jobs - Females
2015,8919,LEED_2,Number of Jobs - Females
2016,8932,LEED_2,Number of Jobs - Females
2012,7808,LEED_3,Number of Jobs - Males
2013,8176,LEED_3,Number of Jobs - Males
2014,8194,LEED_3,Number of Jobs - Males
2015,8081,LEED_3,Number of Jobs - Males
2016,7991,LEED_3,Number of Jobs - Males
2012,16512,LEED_4,Number of Jobs - Persons
2013,17415,LEED_4,Number of Jobs - Persons
2014,17196,LEED_4,Number of Jobs - Persons
2015,16995,LEED_4,Number of Jobs - Persons
2016,16924,LEED_4,Number of Jobs - Persons
2012,113,LEED_5,"Number of Employee Jobs - Agriculture, forestry and fishing"
2013,125,LEED_5,"Number of Employee Jobs - Agriculture, forestry and fishing"
2014,121,LEED_5,"Number of Employee Jobs - Agriculture, forestry and fishing"
2015,79,LEED_5,"Number of Employee Jobs - Agriculture, forestry and fishing"
2016,115,LEED_5,"Number of Employee Jobs - Agriculture, forestry and fishing"
2012,27,LEED_6,Number of Employee Jobs - Mining
2013,29,LEED_6,Number of Employee Jobs - Mining
2014,33,LEED_6,Number of Employee Jobs - Mining
2015,28,LEED_6,Number of Employee Jobs - Mining
2012,410,LEED_7,Number of Employee Jobs - Manufacturing
2013,388,LEED_7,Number of Employee Jobs - Manufacturing
2014,405,LEED_7,Number of Employee Jobs - Manufacturing
2015,388,LEED_7,Number of Employee Jobs - Manufacturing
2016,372,LEED_7,Number of Employee Jobs - Manufacturing
2012,71,LEED_8,"Number of Employee Jobs - Electricity, gas water and waste services"
2013,60,LEED_8,"Number of Employee Jobs - Electricity, gas water and waste services"
2014,69,LEED_8,"Number of Employee Jobs - Electricity, gas water and waste services"
2015,58,LEED_8,"Number of Employee Jobs - Electricity, gas water and waste services"
2016,49,LEED_8,"Number of Employee Jobs - Electricity, gas water and waste services"
2012,593,LEED_9,Number of Employee Jobs - Construction
2013,785,LEED_9,Number of Employee Jobs - Construction
2014,868,LEED_9,Number of Employee Jobs - Construction
2015,970,LEED_9,Number of Employee Jobs - Construction
2016,876,LEED_9,Number of Employee Jobs - Construction
2012,497,LEED_10,Number of Employee Jobs - Wholesale trade
2013,493,LEED_10,Number of Employee Jobs - Wholesale trade
2014,514,LEED_10,Number of Employee Jobs - Wholesale trade
2015,492,LEED_10,Number of Employee Jobs - Wholesale trade
2016,499,LEED_10,Number of Employee Jobs - Wholesale trade
2012,889,LEED_11,Number of Employee Jobs - Retail trade
2013,948,LEED_11,Number of Employee Jobs - Retail trade
2014,950,LEED_11,Number of Employee Jobs - Retail trade
2015,974,LEED_11,Number of Employee Jobs - Retail trade
2016,870,LEED_11,Number of Employee Jobs - Retail trade
2012,986,LEED_12,Number of Employee Jobs - Accommodation and food services
2013,990,LEED_12,Number of Employee Jobs - Accommodation and food services
2014,1081,LEED_12,Number of Employee Jobs - Accommodation and food services
2015,1036,LEED_12,Number of Employee Jobs - Accommodation and food services
2016,1061,LEED_12,Number of Employee Jobs - Accommodation and food services
2012,416,LEED_13,"Number of Employee Jobs - Transport, postal and warehousing "
2013,433,LEED_13,"Number of Employee Jobs - Transport, postal and warehousing "
2014,403,LEED_13,"Number of Employee Jobs - Transport, postal and warehousing "
2015,386,LEED_13,"Number of Employee Jobs - Transport, postal and warehousing "
2016,328,LEED_13,"Number of Employee Jobs - Transport, postal and warehousing "
2012,777,LEED_14,Number of Employee Jobs - Information media and telecommunications
2013,757,LEED_14,Number of Employee Jobs - Information media and telecommunications
2014,758,LEED_14,Number of Employee Jobs - Information media and telecommunications
2015,691,LEED_14,Number of Employee Jobs - Information media and telecommunications
2016,718,LEED_14,Number of Employee Jobs - Information media and telecommunications
2012,1043,LEED_15,Number of Employee Jobs - Finance and insurance services
2013,988,LEED_15,Number of Employee Jobs - Finance and insurance services
2014,1005,LEED_15,Number of Employee Jobs - Finance and insurance services
2015,1018,LEED_15,Number of Employee Jobs - Finance and insurance services
2016,1096,LEED_15,Number of Employee Jobs - Finance and insurance services
2012,293,LEED_16,"Number of Employee Jobs - Rental, hiring and real estate services"
2013,270,LEED_16,"Number of Employee Jobs - Rental, hiring and real estate services"
2014,306,LEED_16,"Number of Employee Jobs - Rental, hiring and real estate services"
2015,347,LEED_16,"Number of Employee Jobs - Rental, hiring and real estate services"
2016,369,LEED_16,"Number of Employee Jobs - Rental, hiring and real estate services"
2012,1638,LEED_17,"Number of Employee Jobs - Professional, scientific and technical services"
2013,1699,LEED_17,"Number of Employee Jobs - Professional, scientific and technical services"
2014,1701,LEED_17,"Number of Employee Jobs - Professional, scientific and technical services"
2015,1797,LEED_17,"Number of Employee Jobs - Professional, scientific and technical services"
2016,1841,LEED_17,"Number of Employee Jobs - Professional, scientific and technical services"
2012,1392,LEED_18,Number of Employee Jobs - Administrative and support services
2013,1564,LEED_18,Number of Employee Jobs - Administrative and support services
2014,1521,LEED_18,Number of Employee Jobs - Administrative and support services
2015,1502,LEED_18,Number of Employee Jobs - Administrative and support services
2016,1523,LEED_18,Number of Employee Jobs - Administrative and support services
2012,741,LEED_19,Number of Employee Jobs - Public administration and safety
2013,847,LEED_19,Number of Employee Jobs - Public administration and safety
2014,817,LEED_19,Number of Employee Jobs - Public administration and safety
2015,768,LEED_19,Number of Employee Jobs - Public administration and safety
2016,759,LEED_19,Number of Employee Jobs - Public administration and safety
2012,1612,LEED_20,Number of Employee Jobs - Education and training
2013,1641,LEED_20,Number of Employee Jobs - Education and training
2014,1700,LEED_20,Number of Employee Jobs - Education and training
2015,1605,LEED_20,Number of Employee Jobs - Education and training
2016,1561,LEED_20,Number of Employee Jobs - Education and training
2012,1717,LEED_21,Number of Employee Jobs - Health care and social assistance
2013,2125,LEED_21,Number of Employee Jobs - Health care and social assistance
2014,1685,LEED_21,Number of Employee Jobs - Health care and social assistance
2015,1693,LEED_21,Number of Employee Jobs - Health care and social assistance
2016,1735,LEED_21,Number of Employee Jobs - Health care and social assistance
2012,377,LEED_22,Number of Employee Jobs - Arts and recreation services
2013,383,LEED_22,Number of Employee Jobs - Arts and recreation services
2014,424,LEED_22,Number of Employee Jobs - Arts and recreation services
2015,426,LEED_22,Number of Employee Jobs - Arts and recreation services
2016,395,LEED_22,Number of Employee Jobs - Arts and recreation services
2012,393,LEED_23,Number of Employee Jobs - Other services
2013,409,LEED_23,Number of Employee Jobs - Other services
2014,419,LEED_23,Number of Employee Jobs - Other services
2015,409,LEED_23,Number of Employee Jobs - Other services
2016,386,LEED_23,Number of Employee Jobs - Other services
2012,14637,LEED_24,Number of Employee Jobs - Total
2013,15578,LEED_24,Number of Employee Jobs - Total
2014,15390,LEED_24,Number of Employee Jobs - Total
2015,15238,LEED_24,Number of Employee Jobs - Total
2016,15138,LEED_24,Number of Employee Jobs - Total
2016,10,SEIFAA_2,SEIFA decile ranking - Index of Relative Socio-Economic Disadvantage (IRSD)
2016,10,SEIFAA_3,SEIFA decile ranking - Index of Relative Socio-Economic Advantage and Disadvantage (IRSAD)
2016,10,SEIFAA_4,SEIFA decile ranking - Index of Education and Occupation (IEO)
2016,6,SEIFAA_5,SEIFA decile ranking - Index of Economic Resources (IER)
2016,9,SEIFAS_2,SEIFA decile ranking - Index of Relative Socio-Economic Disadvantage (IRSD) 
2016,10,SEIFAS_3,SEIFA decile ranking - Index of Relative Socio-Economic Advantage and Disadvantage (IRSAD)
2016,10,SEIFAS_4,SEIFA decile ranking - Index of Education and Occupation (IEO)
2016,6,SEIFAS_5,SEIFA decile ranking - Index of Economic Resources (IER)
2016,7.9,COMMUTE_2,Average commuting distance from Place of Usual Residence (kms)
2016,6.2,COMMUTE_3,Median commuting distance from Place of Usual Residence (kms)
2016,11.5,COMMUTE_4,Average commuting distance to place of work (kms)
2016,5.7,COMMUTE_5,Median commuting distance to place of work (kms)
2011,3184,TOTMIG_2,Number of Females (no.)
2016,3445,TOTMIG_2,Number of Females (no.)
2011,2753,TOTMIG_3,Number of Males (no.)
2016,2990,TOTMIG_3,Number of Males (no.)
2011,5942,TOTMIG_4,Total population (no.)
2016,6434,TOTMIG_4,Total population (no.)
2011,65,AGEMIG_2,0-4 years (no.)
2016,59,AGEMIG_2,0-4 years (no.)
2011,93,AGEMIG_3,5-9 years (no.)
2016,98,AGEMIG_3,5-9 years (no.)
2011,80,AGEMIG_4,10-14 years (no.)
2016,82,AGEMIG_4,10-14 years (no.)
2011,113,AGEMIG_5,15-19 years (no.)
2016,125,AGEMIG_5,15-19 years (no.)
2011,405,AGEMIG_6,20-24 years (no.)
2016,391,AGEMIG_6,20-24 years (no.)
2011,727,AGEMIG_7,25-29 years (no.)
2016,852,AGEMIG_7,25-29 years (no.)
2011,853,AGEMIG_8,30-34 years (no.)
2016,1006,AGEMIG_8,30-34 years (no.)
2011,671,AGEMIG_9,35-39 years (no.)
2016,815,AGEMIG_9,35-39 years (no.)
2011,517,AGEMIG_10,40-44 years (no.)
2016,523,AGEMIG_10,40-44 years (no.)
2011,444,AGEMIG_11,45-49 years (no.)
2016,472,AGEMIG_11,45-49 years (no.)
2011,343,AGEMIG_12,50-54 years (no.)
2016,380,AGEMIG_12,50-54 years (no.)
2011,312,AGEMIG_13,55-59 years (no.)
2016,318,AGEMIG_13,55-59 years (no.)
2011,327,AGEMIG_14,60-64 years (no.)
2016,286,AGEMIG_14,60-64 years (no.)
2011,221,AGEMIG_15,65-69 years (no.)
2016,270,AGEMIG_15,65-69 years (no.)
2011,184,AGEMIG_16,70-74 years (no.)
2016,195,AGEMIG_16,70-74 years (no.)
2011,150,AGEMIG_17,75-80 years (no.)
2016,166,AGEMIG_17,75-80 years (no.)
2011,130,AGEMIG_18,80-84 years (no.)
2016,121,AGEMIG_18,80-84 years (no.)
2011,285,AGEMIG_19,84 and over (no.)
2016,273,AGEMIG_19,84 and over (no.)
2011,24,ARRMIG_2,Arrived within 5 years (%)
2016,25,ARRMIG_2,Arrived within 5 years (%)
2011,15.6,ARRMIG_3,Arrived 5-10 years ago (%)
2016,16.9,ARRMIG_3,Arrived 5-10 years ago (%)
2011,55,ARRMIG_4,Arrived over 10 years ago (%)
2016,55.7,ARRMIG_4,Arrived over 10 years ago (%)
2011,5.1,ARRMIG_5,Arrival not stated (%)
2016,2.5,ARRMIG_5,Arrival not stated (%)
2011,57.6,CITMIG_2,Australian citizen (%)
2016,54.2,CITMIG_2,Australian citizen (%)
2011,41.1,CITMIG_3,Not an Australian citizen (%)
2016,44.2,CITMIG_3,Not an Australian citizen (%)
2011,1.4,CITMIG_4,Citizenship not stated (%)
2016,1.6,CITMIG_4,Citizenship not stated (%)
2011,4.1,RELMIG_2,Buddhism (%)
2016,3,RELMIG_2,Buddhism (%)
2011,49.9,RELMIG_3,Christianity (%)
2016,44.2,RELMIG_3,Christianity (%)
2011,1.5,RELMIG_4,Hinduism (%)
2016,2,RELMIG_4,Hinduism (%)
2011,2.6,RELMIG_5,Islam (%)
2016,2,RELMIG_5,Islam (%)
2011,11,RELMIG_6,Judaism (%)
2016,7.7,RELMIG_6,Judaism (%)
2011,0.5,RELMIG_7,Other Religion (%)
2016,0.6,RELMIG_7,Other Religion (%)
2011,25.8,RELMIG_10,No Religion (%)
2016,36,RELMIG_8,Secular beliefs and other spiritual beliefs and no religious affiliation (%)
2011,3.6,RELMIG_9,Religion not stated (%)
2016,4.1,RELMIG_9,Religion not stated (%)
2011,95.3,ENGMIG_2,Proficient in English (%)
2016,95.5,ENGMIG_2,Proficient in English (%)
2011,4.2,ENGMIG_3,Not proficient in English (%)
2016,4.2,ENGMIG_3,Not proficient in English (%)
2011,0.4,ENGMIG_4,English proficiency not stated (%)
2016,0.2,ENGMIG_4,English proficiency not stated (%)
2011,13.2,QUALMIG_2,Postgraduate Degree level (%)
2016,14.9,QUALMIG_2,Postgraduate Degree level (%)
2011,2.1,QUALMIG_3,Graduate Diploma and Graduate Certificate level (%)
2016,2.4,QUALMIG_3,Graduate Diploma and Graduate Certificate level (%)
2011,26.9,QUALMIG_4,Bachelor Degree level (%)
2016,31,QUALMIG_4,Bachelor Degree level (%)
2011,10.4,QUALMIG_5,Advanced Diploma and Diploma level (%)
2016,9.6,QUALMIG_5,Advanced Diploma and Diploma level (%)
2011,8.9,QUALMIG_6,Certificate level (%)
2016,9.2,QUALMIG_6,Certificate level (%)
2011,26.8,QUALMIG_7,School education level (%)
2016,21.7,QUALMIG_7,School education level (%)
2011,4.5,QUALMIG_8,Education not stated (%)
2016,3.8,QUALMIG_8,Education not stated (%)
2011,13.6,OCCMIG_2,Managers (%)
2016,16.4,OCCMIG_2,Managers (%)
2011,39.9,OCCMIG_3,Professionals (%)
2016,36.9,OCCMIG_3,Professionals (%)
2011,10.6,OCCMIG_4,Technicians and trades workers (%)
2016,11,OCCMIG_4,Technicians and trades workers (%)
2011,8.1,OCCMIG_5,Community and personal service workers (%)
2016,8.3,OCCMIG_5,Community and personal service workers (%)
2011,12.6,OCCMIG_6,Clerical and administrative workers (%)
2016,12.3,OCCMIG_6,Clerical and administrative workers (%)
2011,5.9,OCCMIG_7,Sales workers (%)
2016,5.7,OCCMIG_7,Sales workers (%)
2011,3.3,OCCMIG_8,Machinery operators and drivers (%)
2016,2.7,OCCMIG_8,Machinery operators and drivers (%)
2011,4.4,OCCMIG_9,Labourers (%)
2016,5.1,OCCMIG_9,Labourers (%)
2011,1.3,OCCMIG_10,Occupation inadequately described or not stated  (%)
2016,1.4,OCCMIG_10,Occupation inadequately described or not stated  (%)
2011,3992,LFMIG_2,Labour Force number (no.)
2016,4481,LFMIG_2,Labour Force number (no.)
2011,185,LFMIG_3,Unemployed number (no.)
2016,202,LFMIG_3,Unemployed number (no.)
2011,67.2,LFMIG_4,Participation Rate (%)
2016,69.6,LFMIG_4,Participation Rate (%)
2011,4.6,LFMIG_5,Unemployment Rate (%)
2016,4.5,LFMIG_5,Unemployment Rate (%)
2016,17.3,INCMIG_2,Persons earning $1-$499 per week (%)
2016,19.1,INCMIG_3,Persons earning $500-$999 per week (%)
2016,33.6,INCMIG_4,Persons earning $1000-$1999 per week (%)
2016,11,INCMIG_5,Persons earning $2000-$2999 per week (%)
2016,6.9,INCMIG_6,Persons earning $3000 or more per week (%)
2016,8.5,INCMIG_7,Persons earning nil income (%)
2016,0.4,INCMIG_8,Persons with a negative income (%)
2016,3.4,INCMIG_9,Income inadequately described or not stated (%)
2011,4,FIELD_2,Natural and Physical Sciences (%)
2016,4.2,FIELD_2,Natural and Physical Sciences (%)
2011,2.8,FIELD_3,Information Technology (%)
2016,2.9,FIELD_3,Information Technology (%)
2011,8.9,FIELD_4,Engineering and Related Technologies (%)
2016,9,FIELD_4,Engineering and Related Technologies (%)
2011,4.4,FIELD_5,Architecture and Building (%)
2016,5.2,FIELD_5,Architecture and Building (%)
2011,1.1,FIELD_6,"Agriculture, Environmental and Related Studies (%)"
2016,1,FIELD_6,"Agriculture, Environmental and Related Studies (%)"
2011,10.7,FIELD_7,Health (%)
2016,10,FIELD_7,Health (%)
2011,6.5,FIELD_8,Education (%)
2016,5.9,FIELD_8,Education (%)
2011,22.2,FIELD_9,Management and Commerce (%)
2016,23.7,FIELD_9,Management and Commerce (%)
2011,13.9,FIELD_10,Society and Culture (%)
2016,14.6,FIELD_10,Society and Culture (%)
2011,7.3,FIELD_11,Creative Arts (%)
2016,7.5,FIELD_11,Creative Arts (%)
2011,3.2,FIELD_12,"Food, Hospitality and Personal Services (%)"
2016,3,FIELD_12,"Food, Hospitality and Personal Services (%)"
2011,0.1,FIELD_13,Mixed Field Programmes (%)
2016,0.3,FIELD_13,Mixed Field Programmes (%)
2011,14.9,FIELD_14,Field of Study Inadequately Described or Not Stated  (%)
2016,12.7,FIELD_14,Field of Study Inadequately Described or Not Stated  (%)
2011,88.9,HOMELESS_2,"Homeless rate per 10,000 persons"
2016,62.9,HOMELESS_2,"Homeless rate per 10,000 persons"
2016,9.2,PERSINC_9,Persons with income not stated (%)
